CLASS;sub-class 1;sub-class 2;sub-class 3;sub-class 4;sub-class 5;Synonym;Modification proposée;NB DE RELATIONS POSITIVE (Facteurs de risque);NB DE RELATIONS NEGATIVES (Facteurs protecteurs);NB DE RELATIONS NS;Relations Flous;DOI Distincts;Définition;Outils;Autres outils utilisés pour ces variables
DEAB;;;;;;;;;;;;;Defined by attitudes and behaviors linked to restrictive eating, emotional eating or overeating and include forms of disordered eating and eating disorders (Bourbeau et al., 2025);;
DEAB;Behavioral dimension of body image;;;;;;;;;;;;Refers to individuals' decisions and actions that are informed by their perceptions, cognitions, and emotions related to their appearance and function. Leading to two negatively-valenced components (i.e., appearance fixing and avoidance) and one positively-valenced component (i.e., positive rational acceptance) such as body-checking, body-avoidance, body-compassion, body-gratitude, etc.. (Cash, 2012);;
DEAB;Behavioral dimension of body image;Appearance fixing behaviors;;;;;;;;;;;"""Appearance fixing is defined broadly as any efforts to correct of camouflage facets of one's physical appearance that are believed by the individual to be flawed, or are perceived as not conforming to the cutural ideal"" (Cash, 2012)";;
DEAB;Behavioral dimension of body image;Appearance fixing behaviors;Muscle building behaviors;;;;;;;;;;"""Set of practices including excessive exercise, dietary manipulation, and supplement use to enhance muscularity, often driven by body dissatisfaction"" (Tod & Lavallee, 2010)";;
DEAB;Behavioral dimension of body image;Body checking and avoidance;;;;;;;;;;;"""Body avoidance refers to behaviours that help to avoid circumstances in which shape or weight may be visible (e.g., refusal to be weighed, wearing baggy clothes""; Rosen, Srebnik, Saltzberg, & Wendt, 1991)";;
DEAB;Behavioral dimension of body image;Body checking and avoidance;Body checking;;;;;;;;;;"Repetitive behaviors such as scrutinizing or avoiding one’s reflection, often seen in individuals with body dysmorphia or eating disorders (Fairburn et al., 2003; Walker et al., 2018).";;
DEAB;Behavioral dimension of body image;Body checking and avoidance;Body dysmorphic disorder;;;;;;;;;;"""Preoccupation with a perceived or imagined defect in physical appearance causing marked impairment in functioning""(American Psychiatric Association, 2013)";;
DEAB;Behavioral dimension of body image;Body checking and avoidance;Muscle checking;;;;;;;;;;"""Repetitive behaviors aimed at assessing muscle size and definition, commonly observed in individuals with muscle dysmorphia"" (Olivardia et al., 2000; Pope et al., 2005).";;
DEAB;Behavioral dimension of body image;Drive for leanness;;;;;;;;;;;"""Refers to a motivating interest in having relatively low body fat and toned, physically fit muscles"" (Smolak & Murnen, 2008)";;
DEAB;Behavioral dimension of body image;Drive for leanness;Drive for leanness for performance;;;;;;;;;;Refers to a motivating interest in having relatively low body fat and toned, physically fit muscles, specifically in the context of performance (Smolak & Murnen, 2008);;
DEAB;Behavioral dimension of body image;Drive for muscularity;;;;;;;;;;;"""Describe an individual's motivation to become more muscular"" (Chaba et al., 2019)";;
DEAB;Behavioral dimension of body image;Drive for muscularity;Drive for muscularity thoughts;;;;;;;;;;"""Refers to different thoughts and desires towards having a muscular body"" (Bashir et al., 2021)";;
DEAB;Behavioral dimension of body image;Drive for muscularity;Drive for muscularity-oriented behavior;;;;;;;;;;"""Represents behaviors in which men engage in order to become bigger and more muscular (DaCunha et al., 2022)";;
DEAB;Behavioral dimension of body image;Drive for size;;;;;;;;;;;It refers to the desire to increase muscle volume and overall muscularity, reflecting a core motivational component of muscle dysmorphia (Cuadrado et al., 2021);;
DEAB;Behavioral dimension of body image;Drive for thinness;;;;;;;;;;;"""Assess an extreme desire to be thinner, concern with dieting,
preoccupation with weight and an intense fear of weight gain"" (Garner et al., 2004)";;
DEAB;Behavioral dimension of body image;Weight Control;;;;;;;;;;;"""The term “weight control behavior” refers to a spectrum of modest to extreme behaviors aimed at influencing one's shape and weight. These strategies range from (1) moderate dieting and exercising to (2) unhealthy practices, such as skipping meals, using food substrates, fasting, smoking more cigarettes, and finally (3) extreme (harmful) behavior, such as abuse of laxatives and diuretics, intake of diet pills, and vomiting"" (Hebebrand & Herpertz-Dahlmann, 2009)";;
DEAB;Behavioral dimension of body image;Weight Control;Extreme weight control behavior;;;;;;;;;;Refers to severely, restricted eating, fasting, and purging (Boudreault et al., 2022) and includes induced vomiting and drug use, as well as fasting and using a food substitute for weight loss (Jeong, 2023);;
DEAB;Behavioral dimension of body image;Weight Control;Weight and diet preoccupation;;;;;;;;;;Assessing preoccupation with weight, eating, and dieting (Von Ranson et al., 2005);;
DEAB;Behavioral dimension of body image;Weight Control;Weight preoccupation;;;;;;;;;;"""Weight Preoccupation (preoccupation with dieting, weight, and the pursuit of thinness)"" (Klump et al., 2000)";;
DEAB;Eating psychopathology;;;;;"Eating pathology ; eating pathology symptoms";;;;;;;Eating psychopathology refers to the core psychological disturbance underlying eating disorders, characterized by the over-evaluation of eating, shape, and weight in the individual’s self-worth (Shanmugam et al., 2011);;
DEAB;Eating related control;;;;;;;;;;;;"""Assess characteristics more directly related to anorexia nervosa"" (Maiano et al., 2015)";Eating Attitudes Test (EAT-18);
DEAB;Emotional eating;;;;;;;;;;;;"Refers to the ""propensity to overeat in relation to negative mood states"" (Mathisen et al., 2019)";The Three Factor Eating Questionnaire (TFE-Q);Dutch Eating Behavior Questionnaire (DEBQ)
DEAB;Emotional eating;Emotional ingestion;;;;;;;;;;;"""Overeating in response to emotions"" (Fernandes et al., 2023)";The Dutch Eating Behavior Questionnaire Portuguese version;
DEAB;Exercise-Related Behaviors;;;;;;;;;;;;"""Refers to the actions undertaken by individuals to engage in physical activity, motivated by various reasons such as achieving personal fitness goals or avoiding negative consequences"" (Behavioral addictions, 2014)";;
DEAB;Exercise-Related Behaviors;Functional impairment;;;;;;;;;;;"""Behaviors related to maintaining exercise routines, interference of negative emotions when deviating from exercise routines, or avoidance of social situations because of negative feelings and preoccupation with one's body"" (Hildebrandt et al., 2004)";Muscle Dysmorphia Disorder Inventory (MDDI);
DEAB;External eating behavior;;;;;;;;;;;;"""Refers to behavior characterized by food intake that is influenced by external stimuli, such as the appearance, taste, and aroma of food; the eating environment; and the presence of others, often disregarding internal signals like hunger"" (Ryu & Heo, 2025)";;
DEAB;External eating behavior;External ingestion;;;;;;;;;;;"""Eating in response to food-related stimuli"" (Fernandes et al., 2023)";The Dutch Eating Behavior Questionnaire Portuguese version;
DEAB;Generic disturbed eating attitudes and behaviors;;;;;;;;;;;;"""Refers to the core symptoms of both anorexia nervosa and bulimia nervosa. This generic measure was obtained by combining the fear of getting fat, the food preoccupation and the eating-related guilt subscales"" (Maiano et al., 2015)";Eating Attitudes Test (EAT-18);
DEAB;Muscle Dysmorphia;;;;;;;;;;;;"""Subtype of body dysmorphic disorder characterized by the preoccupation with the idea that one's body is not sufficiently lean and muscular"" (Cerea et al., 2018)";Muscle Appearance Satisfaction Scale (MASS);Muscle Dysmorphic Disorder Inventory (MDDI)
DEAB;Muscle Dysmorphia;Degree of muscle dysmorphia/bigorexia nervosa;;;;;;;;;;;It is a body dysmorphic disorder characterized by a distorted perception of insufficient muscularity, leading to obsessive behaviors such as excessive training, rigid dieting, and compulsive efforts to increase muscle mass, often impairing daily functioning and well-being (Button et al., 2024);Adonis Complex Questionnaire (ACQ);
DEAB;Muscle Dysmorphia;Muscle dysmorphic tendencies;;;;;;;;;;;"""Refers to the different behavioural acts in order to increase the muscles of the body and the different thoughts and desires toward having a muscular body"" (Bashir et al., 2021)";Body Dysmorphic Disorder Modification factor of the Yale-Brown Obsessive Compulsive Scale (BDD-Y-BOCS) - Avoidance and psychological symptoms;
DEAB;Muscle Dysmorphia;Muscle dysmorphic tendencies (avoidance and psychological symptoms);;;;;;;;;;;"Refers to preoccupation, interference, and distress due to thoughts as well as time spent, distress, and interference due to repetitive behaviors ; it additionally included control over thoughts (Philips et al., 2014)";Body Dysmorphic Disorder Modification factor of the Yale-Brown Obsessive Compulsive Scale (BDD-Y-BOCS) - Avoidance and psychological symptoms;
DEAB;Muscle Dysmorphia;Muscle dysmorphic tendencies (behaviours and thoughts);;;;;;;;;;;Refers to repetitive coping behaviors like excessive grooming, mirror checking, and reassurance seeking (Snorrason et al., 2024);Body Dysmorphic Disorder Modification factor of the Yale-Brown Obsessive Compulsive Scale (BDD-Y-BOCS) - Avoidance and psychological symptoms;
DEAB;Muscle Dysmorphia;Muscularity oriented disordered eating;;;;Muscularity-oriented eating behaviours;;;;;;;"""Reflect eating disorder symptoms that are motivated by the pursuit of a lean, muscular body ideal"" (Mazaraki et al., 2024)";Muscularity-Oriented Eating Test (MOET);
DEAB;Muscle Dysmorphia;Muscularity oriented eating;;;;;;;;;;;Reflect participants attitudes and behaviours concerning leanness and muscularity-oriented eating (Mazaraki et al., 2024);;
DEAB;Muscle Dysmorphia;Supplementation;;;;;;;;;;;"""Assess the use of legal substances designed to enhance workout quality or recuperation"" (Thomas et al., 2014)";Muscle Dysmorphia Inventory (MDI);
DEAB;Orthorexia;;;;;;;;;;;;"""Orthorexia is characterized by an excessive concern with healthy food, and not with the amount of food or obsession with the perfect body"" (Freire et al., 2020)";ORTHO-11;ORTO-15
DEAB;Orthorexia;Orthorexia nervosa;;;;;;;;;;;"""Describe the obsessive preoccupation with self-imposed rigid dietary rules based on exaggerated perceptions of the health benefits and harms associated with food"" (Wachten et al., 2024)";Teruel Orthorexia Scale (TOS);
DEAB;Orthorexia;Orthorexic behavior;;;;Orthorexic eating behavior;;;;;;;"Refers to ""behaviours and obsessive attitude of the individuals in choosing, buying, preparing and consuming food they consider to be healthy"" (Gramaglia et al., 2017)";;
DEAB;Orthorexia;Orthorexic attitude and behavior;;;;;;;;;;;;;
DEAB;Restrictions;;;;;;;;;;;;Refers to intentional and chronic effort to limit food intake in order to control body weight (Herman & Polivy, 1975);Eating Attitudes Test (EAT-18);
DEAB;Restrictions;Behavioral restrained eating;;;;;;;;;;;"""Assess dietary behaviors designed to produce weight loss and weight maintenance"" (Van Strien et al., 1986)";Dutch Restrained Eating Scale (DRES);
DEAB;Restrictions;Cognitive restraint;;;;;;;;;;;"""Refers to the tendency to control food intake in order to influence body weight"" (Mathisen et al., 2019)";The Three Factor Eating Questionnaire (TFE-Q);Eating Pathology Symptoms Inventory (EPSI)
DEAB;Restrictions;Diet and exercise;;;;;;;;;;;Reflecting exercising and dietary restraint (Rahal et al., 2012);Compensatory Eating and Behaviors in Response to Alcohol Consumption Scale (CEBRACS);
DEAB;Restrictions;Diet manipulation;;;;;;;;;;;"""Refers to the extent that individuals monitor and manipulate their diet to achieve muscularity"" (Thomas et al., 2014)";Muscle Dysmorphia Inventory (MDI);
DEAB;Restrictions;Dietary intention to restraint;;;;;;;;;;;"""Refers to the athletes self-reported intentions to restrain their eating with the purpose of trying to lose weight"" (Anderson et al., 2012)";Dietary Intent Scale (DIS);
DEAB;Restrictions;Dieting;;;;Diet, Dietary, dietary restraint;;;;;;;"Refers to intentional efforts to achieve or maintain a desired weight through reduced caloric intake"" (Laessle et al., 1989)";Eating Attitudes Test (EAT-26);"9-point-scale running from 1(never) to 9(always) with the following item ""Are you trying yo lose weight ?"""
DEAB;Restrictions;Eating restriction;;;;"Restrained eating ; restrictive eating behaviors ; restrictive eating";;;;;;;Assesses endorsement of restrictive behaviors such as dietary restriction, food avoidance, and eating avoidance (Bang et al., 2023);Eating Disorder Examination Questionnaire (EDE-Q);
DEAB;Restrictions;Restraint;;;;;;;;;;;"""Assesses behaviors related to the avoidance of food and the rules followed in diets and feeding"" (Silva et al., 2011)";Eating Disorder Examination Questionnaire (EDE-Q);Dutch Eating Behavior Questionnaire (DEBQ)
DEAB;Restrictions;Restrictive eating behaviors;;;;;;;;;;;"""Behaviors that limiting the consumption of calories and/or nutrients in a manner deleterious to long-term health""(Clermont et al., 2022)";The dietary restriction subscale of the validated short form of the Eating Disorder Examination Questionnaire (EDE-Q);
DEAB;Uncontrolled eating;;;;;;;;;;;;"Refers to the ""tendency to lose control over eating when feeling hungry or with external cues"" (Mathisen et al., 2019)";The Three Factor Eating Questionnaire (TFE-Q);
DEAB;Compensatory behavior;;;;;;;;;;;;Refers to disordered eating behaviors that aimed at counteracting food intake to prevent weight gain or reduce guilt associated with eating, including practices such as self-induced vomiting, misuse of laxatives or diuretics, excessive exercise, and fasting (American Psychiatric Association, 2000);;
DEAB;Compensatory behavior;Laxatives, diuretics;;;;;;;;;;;Laxatives are pharmacological agents that facilitate bowel movements by accelerating intestinal transit or softening stool, and diuretics are substances that increase renal excretion of water and electrolytes by acting on kidney function (National library of medicine, 2024);Eating Attitudes Test (EAT-26);
DEAB;Compensatory behavior;Oral control;;;;;;;;;;;"""Refers to self-control around eating and perceptions of societal pressure to gain weight"" (Wider et al., 2023)";Eating Attitudes Test (EAT-26);
DEAB;Compensatory behavior;Purging;;;;;;;;;;;"""The activity of expelling food that has just been ingested, usually by vomiting or the use of laxatives"" (American Psychological Association Dictionary)";Number of reported purge episodes in the past 28 days;Eating Pathology Symptoms Inventory (EPSI)
DEAB;Compensatory behavior;Substance use;;;;;;;;;;;"""Described a willingness to try steroids and other potentially risky means to obtain musle mass"" (Mayville et al., 2002)";Muscle Appearance Satisfaction Scale (MASS);
DEAB;Compensatory behavior;Vomit;;;;;;;;;;;"Refers to the vomiting behavioral: ejecting the contents of the stomach through the mouth (Nieuwoudt et al., 2015 ; American Psychiatric Association Dictionary)";Eating Attitudes Test (EAT-26);
DEAB;Compensatory behavior;Vomiting-purging behaviors;;;;;;;;;;;"""Focus on characteristics more closely associated with bulimia nervosa"" (Maiano et al., 2015)";Eating Attitudes Test (EAT-18);
DEAB;Dependence and Excessive Exercise;;;;;;;;;;;;"""Refers to exercise that significantly interferes with important activities, occurs at inappropriate times or in inappropriate settings, or continues despite injury or other medial complications"" (DSM-V)";;
DEAB;Dependence and Excessive Exercise;Addiction to exercise;;;;;;;;;;;"""Characterized by uncontrollable behaviour for the practice of
physical exercise, which is manifested by physiological
symptoms of tolerance and abstinence and/or psychological symptoms, such as anxiety and depression"" (Freire et al., 2020)";;
DEAB;Dependence and Excessive Exercise;Compulsive exercise;;;;;;;;;;;"""Refers to high exercise frequency combined with the inability to reduce or stop exercise behaviors"" (Palermo et al., 2021)";Compulsive Exercise Test Athlete Version (CET-AV);Obligatory Exercise Questionnaire (OEQ)
DEAB;Dependence and Excessive Exercise;Excessive exercise;;;;;;;;;;;Exercising in a driven, compulsive, or excessive manner (Meule et al., 2025);Eating Pathology Symptoms Inventory (EPSI);
DEAB;Disordered eating;;;;;;;;;;;;Describe a range of problematic eating behaviors that do not necessarily meet clinical thresholds (Bourbeau et al., 2025);;
DEAB;Disordered eating;Disordered eating attitudes;;;;;;;;;;;"""Refer to unhealthy attitudes and behaviours ranging from strict dietary habits in order to lose or maintain weight to severe food restriction observed in anorexia"" (Hobart & Smucker, 2000)";;
DEAB;Disturbed eating attitudes and behaviors;;;;;;;;;;;;Refers to abnormal eating-related beliefs, thoughts and feelings (fear of getting fat, drive for thinness…), and abnormal eating behaviors, such as restrictive eating or fasting, overeating or binge eating, skipping meals, or more extreme behaviors such as using medication (diet pills, diuretics, laxatives) or purging (vomiting) (Nattiv et al., 2007);;
DEAB;Eating attitudes;;;;;;;;;;;;Refers to attitudes related to eating disorders (Haase et al., 1999);;
DEAB;Eating behavior;;;;;;;;;;;;Refers to the patterns and habits related to how individuals choose, consume, and interact with food, influenced by both behavioral and cognitive factors (King & Egger, 2017);;
DEAB;Eating disorders;;;;;;;;;;;;"""Refers to persistent disturbance of eating, or eating-related behavior, that results in the altered consumption or absorption of food, and that significantly impairs physical health or psychosocial functioning"" (DSM-V; American Psychiatric Association, 2023)";Eating Disorder Examination Questionnaire (EDE-Q);Eating Attitudes Test (EAT-26)
DEAB;Eating disorders;Anorexia;;;;;;;;;;;"""Defined as an eating disorder characterized by persistent restriction of energy intake leading to significantly low body weight, an intense fear of gaining weight, and a disturbance in body image or denial of the seriousness of low body weight""(American Psychiatric Association, 2013; DSM-V)";Eating Attitudes Test (EAT-26);
DEAB;Eating disorders;Binge eating;;;;;;;;;;;"""Consuming abnormally large quantities of food in a discrete time period with a concurrent sense of loss of control""(American Psychological Association, dictionary)";Binge Eating Scale (BES);Eating Pathology Symptoms Inventory (EPSI)
DEAB;Eating disorders;Bulimia;;;;;;;;;;;"""Characterized by recurrent episodes of binge eating followed by inappropriate compensatory behaviors (e.g., vomiting, fasting, excessive exercise) (American Psychiatric Association, 2013; DSM-V).";Eating Attitudes Test (EAT-26);Bulimic Inventory Test Edinburgh, Symptoms: symptomatic scale (BITE Symptoms)
DEAB;Eating disorders;Bulimia;Bulimia and food preoccupation;;;;;;;;;;"""Investigate binge eating followed by self-induced vomiting to lose/control body weight""(Fortes et al., 2014)";Eating Attitudes Test (EAT-26);
DEAB;Eating disorders;Bulimia;Bulimia modelling;;;;;;;;;;"""Assess modelling of unhealthy eating behaviours"" (Scott et al., 2019)";Bulimic Modelling Scale (BMS);
DEAB;Eating disorders;Bulimia;Bulimic pathology;;;;;;;;;;"""Refers to the presence/absence of behaviors and attitude associated with bulimic disorders. It includes the degree of symptoms and the severity of binge eating based on frequency""(Di Corrado et al., 2021)";Bulimic Investigatory Test, Edinburgh (BITE);
DEAB;Eating disorders;Bulimia;Bulimic symptomatology;;;;;;;;;;"""Assess behaviors and attitudes that comprise symptoms of bulimia nervosa"" (Chatterton et al., 2017)";;
DEAB;Eating disturbance;;;;;;;;;;;;"Refers to ""the defining characteristics of the clinical eating disorders, anorexia nervosa, bulimia nervosa and binge eating disorder"" (Walsh, 2012)";Eating Disorder Inventory (EDI);
Interpersonal factor related to DEAB;;;;;;;;;;;;;"Defined as influences arising from formal and informal social networks and support systems, particularly within individuals’ immediate social environments, including family, peers, and close relationships (McLeroy et al., 1988 ; Bronfenbrenner & Morris, 2007)";;
Interpersonal factor related to DEAB;Advice and Normative Influences;;;;;;;;;;;;Refers to the indirect influence exerted by a group on its members through the power of social norms that shape individual's attitudes and practices regarding eating, body image and exercise. This includes both direct advice and indirect influences through role modelling (International Encyclopedia of the Social & Behavioral Sciences, 2001);;
Interpersonal factor related to DEAB;Advice and Normative Influences;Frequency of receipt of anti-dieting advice;;;;;;5;;;;1;Assess frequency of weight-control behaviours in addition to dieting (Scott et al., 2019);Friends Anti-Dieting Scale (FADS);
Interpersonal factor related to DEAB;Authority and Leadership Styles;;;;;;;;;;;;"""Leadership style refers to the manner in which a leader chooses to lead and interact with their followers"" (Northouse, 2018)";;
Interpersonal factor related to DEAB;Authority and Leadership Styles;Coach's focus on results;;;;;;;;3;;1;"Refers to the ""coach emphasizes the importance of winning"" (Baric et al., 2024)";Coach's Negative Behavior Questionnaire;
Interpersonal factor related to DEAB;Authority and Leadership Styles;Coach's negative feedback;;;;Coach leadership style negative feedback;;;;3;;1;Refers to the use of demeaning, critical, or insulting remarks by a coach toward athletes during training sessions (Baric et al., 2024);Coach's Negative Behavior Questionnaire;
Interpersonal factor related to DEAB;Advice and Normative Influences;Modelled behavior;;;;;;1;;1;;1;"""Modelled behaviours are those adopted behaviours that have been reinforced as the norm in a group"" (Stoyel et al., 2020)";Seven questions;
Interpersonal factor related to DEAB;Advice and Normative Influences;Coach leadership style vision;;;;;;;;;;;Involves setting long-term goals, providing a sense of purpose, and ensuring consistency in the sporting project (Rui Gomes et al., 2021);;
Interpersonal factor related to DEAB;Advice and Normative Influences;Coach leadership style inspiration;;;;;;;;;;;Includes fostering enthusiasm, building confidence, and encouraging athletes to exceed their limits (Rui Gomes et al., 2021);;
Interpersonal factor related to DEAB;Advice and Normative Influences;Coach leadership style instruction;;;;;;;;;;;Includes teaching skills, structuring learning, and providing precise corrective feedback (Rui Gomes et al., 2021);;
Interpersonal factor related to DEAB;Advice and Normative Influences;Coach leadership style individualization;;;;;;;;;;;Involves recognizing individual differences (e.g., level, personality, emotions, constraints) and personalizing both training and interaction (Rui Gomes et al., 2021);;
Interpersonal factor related to DEAB;Advice and Normative Influences;Coach leadership style support;;;;;;;;;;;Includes being available, listening actively, and creating a psychologically safe environment.(Rui Gomes et al., 2021);;
Interpersonal factor related to DEAB;Advice and Normative Influences;Coach leadership style positive feedback;;;;;;;;;;;Involves praise, encouragement, and highlighting progress to strengthen motivation and confidence (Rui Gomes et al., 2021);;
Interpersonal factor related to DEAB;Advice and Normative Influences;Coach leadership style active management;;;;;;;;;;;Includes proactive supervision, immediate correction of mistakes, and maintaining standards and discipline (Rui Gomes et al., 2021);;
Interpersonal factor related to DEAB;Advice and Normative Influences;Coach leadership style passive management;;;;;;;;;;;;;
Interpersonal factor related to DEAB;Conflicted and Negative Relationships;;;;;;;;;;;;Authority in leadership refers to the power or right of a leader to make decisions, give orders, and enforce obedience and leadership styles refer to the manner in which leaders interact with their team members and make decisions (Chelladurai, 2007).;;
Interpersonal factor related to DEAB;Conflicted and Negative Relationships;Childhood victimization;;;;;;;;;;;Refers to experiences of victimization in school and consist of physical, verbal and indirect victimization (Schafer et al., 2004);Restrospecting Bullying Questionnaire (RBQ);
Interpersonal factor related to DEAB;Conflicted and Negative Relationships;Conflicts;;;;;;;;;;;"""In interpersonal relations, conflict denotes the disagreement, discord, and friction that occur when the actions or beliefs of one or more individuals are unacceptable to and resisted by others"" (American Psychological Association Dictionary)";;
Interpersonal factor related to DEAB;Conflicted and Negative Relationships;Conflicts;Coach conflict;;;;;;;;;;Refers to the conflict experienced in the relationship (Jowett, 2009);;
Interpersonal factor related to DEAB;Conflicted and Negative Relationships;Conflicts;Coach interpersonal conflict;;;;;;;;;;Refers to the expressions of anger, tension, and uncertainty that arise during disagreements or clashes within coach relationship (Jowett, 2009);;
Interpersonal factor related to DEAB;Conflicted and Negative Relationships;Conflicts;Interpersonal conflict;;;;;;;;;;"""Interpersonal conflict refers to a social episode marked by overt behavioral opposition between individuals or groups. It is characterized by negative or incompatible attitudes and behaviors directed towards each other"" (International Encyclopedia of the Social & Behavioral Sciences, 2001)";;
Interpersonal factor related to DEAB;Conflicted and Negative Relationships;Conflicts;Parent conflict;;;;;;;;;;Refers to the expressions of anger, tension, and uncertainty that arise during disagreements or clashes within parent relationship (Jowett, 2009);;
Interpersonal factor related to DEAB;Conflicted and Negative Relationships;Conflicts;Teammate interpersonal conflict;;;;;;;;;;Refers to the expressions of anger, tension, and uncertainty that arise during disagreements or clashes within teammate relationship (Jowett, 2009);;
Interpersonal factor related to DEAB;Conflicted and Negative Relationships;Discouragement/sabotage from friends to eat healthy;;;;;;3;;1;;1;Refers to perception of sabotage from friends to eat healthy (e.g., criticized the food I eat) (Sallis et al., 1987);Social Support for Healthy Eating Habits Scale (SSES);
Interpersonal factor related to DEAB;Conflicted and Negative Relationships;Inadequate parents' relationships;;;;;;1;;;;1;Refers to a poor-quality relationship between a child and their parents, characterized by a lack of trust, poor communication, and feelings of alienation or rejection (D'Urso et al., 2023);Parent and Peer Attachment (IPPA);
Interpersonal factor related to DEAB;Conflicted and Negative Relationships;Inadequate parents' relationships;Attachment avoidance;;;;;;;;;;"""Refers to a relational style characterized by negative self-perceptions and a fear of intimacy, leading individuals to employ deactivation strategies that involve refraining from active communication and creating distance in relationships"" (Definition adapted form Bowlby, 1960)";;
Interpersonal factor related to DEAB;Conflicted and Negative Relationships;Inadequate parents' relationships;Psychological control father;;;;;;;;;;"Father psychological control is an ""intrusive parenting
tactics to control the child's emotional state and to make
children act, fell and think in parentally approved ways. Such
intrusive tactics include love withdrawal, guilt-induction,
conditional approval, shaming, instilling anxiety, and thinking
patterns"" (Costa et al., 2016)";;
Interpersonal factor related to DEAB;Conflicted and Negative Relationships;Inadequate parents' relationships;Parental influences;;;;;;;;;;Refers to the influence of parent concern with thinness and weight teasing by parents (Francisco et al., 2013);;
Interpersonal factor related to DEAB;Conflicted and Negative Relationships;Inadequate parents' relationships;Psychological control mother;;;;;;;;;;"Father psychological control is an ""intrusive parenting
tactics to control the child's emotional state and to make
children act, fell and think in parentally approved ways. Such
intrusive tactics include love withdrawal, guilt-induction,
conditional approval, shaming, instilling anxiety, and thinking
patterns"" (Costa et al., 2016)";;
Interpersonal factor related to DEAB;Conflicted and Negative Relationships;Insensitivity to athletes well-being;;;;;;;;;;;Refers to the attitude or behavior of a coach who ignores, minimizes or disregards the personal, emotional or psychological needs of athletes (Baric et al., 2024);;
Interpersonal factor related to DEAB;External comments;;;;;;;;;;;;Refer to verbal feedback, criticisms, or evaluations expressed by others (e.g., parents, peers, coaches, or authority figures) about an individual’s body, appearance, or behavior;;
Interpersonal factor related to DEAB;External comments;Severity of critical comment;;;;;;6;;1;;2;Refers to the perceived intensity and emotional response of a remark concerning one’s body shape or weight (Goodwin et al., 2014);Social Hassles Questionnaire (SHQ);
Interpersonal factor related to DEAB;External comments;Severity of critical comment;Severity of critical comment about physical appearance;;;;;;;;;;Refers to the degree to which critical comments concerning weight, body shape or general appearance have a significant emotional and psychological impact (Ausmus et al., 2021);;
Interpersonal factor related to DEAB;External eating and Weight related concerns;;;;;;;;;;;;Refer to the preoccupations, attitudes, and values expressed by significant others regarding eating behaviors, body weight, and physical appearance, which can influence an individual’s own concerns and behaviors;;
Interpersonal factor related to DEAB;External eating and Weight related concerns;Importance of weight and appearance to family and friends;;;;;;1;;;;1;Refers to the degree of importance of weight and appearance to family and friends (Reel et al., 2010);Sport Related Weight Pressures in Sport Scale-Females (WPS-F);
Interpersonal factor related to DEAB;External eating and Weight related concerns;Perceived encouragements for healthy eating habit;;;;;;;;;;;Refers to individuals' perceptions about encouragement/compliments related to healthy eating habits (Scott et al., 2019);;
Interpersonal factor related to DEAB;Motivational Climate;;;;;;;;;;;;"Defined as the social environment created by coaches and/or peers that shapes individuals’ achievement goal orientations, reflecting the principles of achievement goal theory, and typically characterized as either a mastery-oriented climate or an ego-oriented climate (Ames, 1992; Duda & Balaguer, 2007).";;
Interpersonal factor related to DEAB;Motivational Climate;Mastery climate;;;;;;;1;;;1;"""Motivational climate characterized most centrally by a coach's emphasis on self-referenced improvement, effort, and a cooperative learning environment"" (Smith et al., 2008)";Perceived Motivational Climate in Sport Questionnaire (PMCSQ);
Interpersonal factor related to DEAB;Motivational Climate;Performance climate;;;;;;1;;1;;2;"""Marked by an emphasis on outperforming others, a focus on outcome, preferential attention to top performers, and punishment of mistakes"" (Smith et al., 2008)";Perceived Motivational Climate in Sport Questionnaire (PMCSQ);Motivational Climate Scale for Youth Sports
Interpersonal factor related to DEAB;Positive relationships with significant others;;;;;;;;;;;;Supportive relationships refer to social interactions characterized by affection, encouragement, and understanding, offering emotional and practical support to individuals and relationship quality refers to the overall evaluation of these interactions in terms of satisfaction, trust, and reciprocity related to significant others. (Weiss, & Smith, 2002);;
Interpersonal factor related to DEAB;Positive relationships with significant others;Athletes perceptions of power balances with their coach/training staff;;;;;;;;;;;Refers to the degree to which athletes feel that decision-making authority and control are equally distributed between themselves and their coach or training staff. This construct captures how athletes experience hierarchical dynamics and their sense of agency within the coach-athlete relationship (Fatt et al., 2024);;
Interpersonal factor related to DEAB;Positive relationships with significant others;Positive relationships with coach;;;;;;;;;;;"""A positive coach-athlete relationship is characterized by trust, respect, and open communication, which enhances athletes' motivation and performance"" (Davis et al., 2022)";;
Interpersonal factor related to DEAB;Positive relationships with significant others;Positive relationships with coach;Coach ability;;;;;;;;;;"""Assesses if an athlete is open to and learns from instruction, and accepts constructive criticism without taking it personally and becoming upset"" (Smith et al., 1994)";;
Interpersonal factor related to DEAB;Positive relationships with significant others;Positive relationships with coach;Coach relationship quality;;;;;;;;;;Refers to the perception of coach relationship quality (Scoffier-Mériaux et al., 2016);;
Interpersonal factor related to DEAB;Positive relationships with significant others;Positive relationships with coach;Coach support;;;;;;;;;;Refers to athletes perceptions of the quality of the relationship with their coach (Shanmugam et al., 2011);;
Interpersonal factor related to DEAB;Positive relationships with significant others;Positive relationships with coach;Coach-athlete relationship;;;;;;;;;;"""Refers to feelings of belonging and connection with importance others, such as coaches"" (Kipp et al., 2015)";;
Interpersonal factor related to DEAB;Positive relationships with significant others;Positive relationships with coach;Coach social support;;;;;;;;;;Refers to the athletes perception of their coach as a reliable source of help when facing problems. It reflects the emotional and practical support available within the peer relationship (Shanmugam et al., 2014);;
Interpersonal factor related to DEAB;Positive relationships with significant others;Positive relationships with family;;;;;;;;;;;Positive relationships with family refer to supportive interactions with family members characterized by affection, encouragement, and understanding, providing emotional and practical support to individuals. Relationship quality refers to the overall evaluation of these interactions in terms of satisfaction, trust, and reciprocity within family relationships. (Weiss & Smith, 2002);;
Interpersonal factor related to DEAB;Positive relationships with significant others;Positive relationships with family;Family environment;;;;;;;;;;"""Refers to the quality of family relationships, primarily overall family environment and relationships with parents"" (Francisco et al., 2013)";;
Interpersonal factor related to DEAB;Positive relationships with significant others;Positive relationships with family;Family of origin;;;;;;;;;;"""Is the family in which a person has his/her beginnings physiologically, psychically and emotionally"" (Hovestadt et al., 1985)";;
Interpersonal factor related to DEAB;Positive relationships with significant others;Positive relationships with family;Family of origin autonomy;;;;;;;;;;"""The healthy family develops autonomy by emphasizing clarity of expression, personal responsibility, respect for other family members, and opens to others in the family and by dealing openly separation and loss"" (Hovestadt et al., 1985)";;
Interpersonal factor related to DEAB;Positive relationships with significant others;Positive relationships with family;Family of origin intimacy;;;;;;;;;;"""The healthy family develops intimacy by encouraging the expression of a wide range of feelings, creating a warm atmosphere in the home, dealing with conclicts without undue stress, promoting sensitivity in family members and trusting in the goodness of human nature"" (Hovestadt et al., 1985)";;
Interpersonal factor related to DEAB;Positive relationships with significant others;Positive relationships with family;Maternal relationship;;;;;;;;;;Refers to the perception of the quality of their relationship with mother (Francisco et al., 2013);;
Interpersonal factor related to DEAB;Positive relationships with significant others;Positive relationships with family;Parent relationship quality;;;;;;;;;;Refers to the quality of the relationship with parents (Scoffier et al., 2010);;
Interpersonal factor related to DEAB;Positive relationships with significant others;Positive relationships with family;Parental social support;;;Parent support;;;;;;;Refers to the perception of relationship quality (i.e., defined as the general forthcomingness of the social environment) in the form of social support from parents (Shanmugam et al., 2014);;
Interpersonal factor related to DEAB;Positive relationships with significant others;Positive relationships with family;Paternal relationship;;;;;;;;;;Refers to the perception of the quality of their relationship with father (Francisco et al., 2013);;
Interpersonal factor related to DEAB;Positive relationships with significant others;Positive relationships with peer/teammate/friend;;;;;;;;;;;Positive relationships with peers, teammates, or friends refer to supportive interactions characterized by affection, encouragement, and understanding, providing emotional and practical support to individuals. Relationship quality reflects the overall evaluation of these interactions in terms of satisfaction, trust, and reciprocity within peer, teammate, or friendship relationships. (Weiss & Smith, 2002);;
Interpersonal factor related to DEAB;Positive relationships with significant others;Positive relationships with peer/teammate/friend;Depth of teammate relationships;;;;;;;;;;"""Defined as the importance of the relationship in the participant's lives"" (Jowett, 2009)";;
Interpersonal factor related to DEAB;Positive relationships with significant others;Positive relationships with peer/teammate/friend;Peer social acceptance;;;;;;;;;;"""Refers to the degree to which a child or adolescent is socially accepted by peers"" (Scoffier-Mériaux et al., 2016)";;
Interpersonal factor related to DEAB;Positive relationships with significant others;Positive relationships with peer/teammate/friend;Sport friendship quality;;;;;;;;;;"""Refers to values such as satisfaction, construction, intimacy, symmetry and emotional substrates in a dyadic relation"" (Scoffier-Mériaux et al., 2016)";;
Interpersonal factor related to DEAB;Positive relationships with significant others;Positive relationships with peer/teammate/friend;Supportive friendships;;;;;;;;;;Refers to relationships and specifically supportive teammate friendship (Scott, 2020);;
Interpersonal factor related to DEAB;Positive relationships with significant others;Positive relationships with peer/teammate/friend;Teammate relatedness;;;;;;;;;;"""Refers to the desire to feel connected to others, to love and care, and to be loved and cared for. In this study it refers to teammate"" (Deci et Ryan, 2000)";;
Interpersonal factor related to DEAB;Positive relationships with significant others;Positive relationships with peer/teammate/friend;Teammate social support;;;;;;;;;;Refers to the athletes perception of their closest teammate as a reliable source of help when facing problems. It reflects the emotional and practical support available within the peer relationship (Shanmugam et al., 2014);;
Interpersonal factor related to DEAB;Positive relationships with significant others;Social support;;;;;;1;1;3;x;2;"""Characterized by the actions of the coach that aim at satisfying the psychosocial needs of the athletes by creating a supportive climate amongst team members"" (Teques et al., 2020)";The Climate in Sport Setting Scale (CISSS);Sports Leadership Scale (SLS)
Interpersonal factor related to DEAB;Positive relationships with significant others;Social support;Perception of social support;;;;;;;;;;"""Refers to how individuals sense the availability of friends, family, and others to provide psychological or other forms of support in times of distress or need, which may stem from external social pressures and expectations"" (Button et al., 2024)";;
Interpersonal factor related to DEAB;Positive relationships with significant others;Social support;Perception of social support;Perception of social support from athletic department;;;;;;;;;Perception of social support from the athletic department (e.g., coaches, staff) (Button et al., 2024);;
Interpersonal factor related to DEAB;Positive relationships with significant others;Social support;Perception of social support;Perception of social support from family;;;;;;;;;Perception of social support from family (Button et al., 2024);;
Interpersonal factor related to DEAB;Positive relationships with significant others;Social support;Perception of social support;Perception of social support from teammates;;;;;;;;;Perception of social support from teammates (Button et al., 2024);;
Interpersonal factor related to DEAB;Social and sport pressure related to significant others;;;;;;;;;;;;Refers to the influence exerted by others or society to encourage conformity to certain behaviors or expectations. In sports, sport pressure specifically refers to the expectations placed on athletes regarding their performance, appearance, or behavior, often by coaches, teammates, or the media. (Gould, & Maynard, 2009);;
Interpersonal factor related to DEAB;Social and sport pressure related to significant others;General pressures;;;;;;;;;;;"Refers to ""family, friend, and media influences into a general pressure variable"" (Satterfield et al., 2021)";;
Interpersonal factor related to DEAB;Social and Sport pressure related to significant others;General pressures;Peer pressure;;;;;;;;;;"""Refers to teased about their weight, strive to achieve popularity status, or experience patterns of negative body image and disordered eating from one's peers (i.e., peer pressure)"" (Gaines et al., 2014)";;
Interpersonal factor related to DEAB;Social and sport pressure related to significant others;General pressures;Perfectionism other-oriented;;;Other oriented perfectionism;;;;;;;"""The other-oriented perfectionist if believed to have unrealistic standards for significant others, places importance on other people being perfect, and stringently evaluates others' performance""(Hewitt & Flett, 1991)";;
Interpersonal factor related to DEAB;Social and sport pressure related to significant others;General pressures;Perfectionism socially prescribed;;;"Socially prescribed perfectionism ; social oriented perfectionism";;;;;;;"""Involves the perceived need to attain standards and expectations prescribed by significant others. Socially prescribed perfectionism entails people's belief or perception that significant others have unrealistic standards for them, evaluate them stringently, and exert pressure on them to be perfect"" (Hewitt & Flett, 1991)";;
Interpersonal factor related to DEAB;Social and Sport pressure related to significant others;General pressures;Pressure from boy/girlfriend;;;;;;;;;;Refers to participants experience pressure from boy/girlfriends to achieve/maintain a certain body size and/or weight (Petrie et al., 2007);;
Interpersonal factor related to DEAB;Social and Sport pressure related to significant others;General pressures;Pressure from coaches;;;"Coach-related pressures ; coach pressure";;;;;;;"Refers to participants experience pressure from coach to achieve/maintain a certain body size and/or weight (Petrie et al., 2007)
Coach-related pressures refers to decrease body weight or to change appearance from coach (Jankauskiene et al., 2024)";;
Interpersonal factor related to DEAB;Social and Sport pressure related to significant others;General pressures;Pressure from friends;;;;;;;;;;Refers to participants experience pressure from friends to achieve/maintain a certain body size and/or weight (Petrie et al., 2007);;
Interpersonal factor related to DEAB;Social and Sport pressure related to significant others;General pressures;Pressure from judges;;;;;;;;;;Refers to participants experience pressure from judges to achieve/maintain a certain body size and/or weight (Petrie et al., 2007);;
Interpersonal factor related to DEAB;Social and Sport pressure related to significant others;General pressures;Pressure from parents;;;Parental expectations and parental criticism;;;;;;;Assesses the extent to which participants experience pressure from parents to achieve/maintain a certain body size and/or weight (Petrie et al., 2007);;
Interpersonal factor related to DEAB;Social and Sport pressure related to significant others;General pressures;Pressure from parents to be perfect;;;;;;;;;;"""Reflects athletes perceptions that their parents expect them to be perfect and criticize them if they fail to achieve"" (Madigan, 2016)";;
Interpersonal factor related to DEAB;Social and Sport pressure related to significant others;General pressures;Pressure from teammates;;;;;;;;;;Refers to participants experience pressure from teammates to achieve/maintain a certain body size and/or weight (Petrie et al., 2007);;
Interpersonal factor related to DEAB;Social and Sport pressure related to significant others;General pressures;Pressure from TV/movies;;;;;;;;;;Refers to participants experience pressure from TV/movies to achieve/maintain a certain body size and/or weight (Petrie et al., 2007);;
Interpersonal factor related to DEAB;Social and Sport pressure related to significant others;General pressures;Romantic pressure;;;;;;;;;;Refers to romantic social pressures like my romantic partner expects me to be thin (Gaines et al., 2014);;
Interpersonal factor related to DEAB;Social and Sport pressure related to significant others;Perception of social and sport pressure from other;;;;;;;;;;;Perception of social and sport pressure from others refers to the awareness and experience of explicit or implicit expectations and pressures from social and sport-related sources, including friends, family, teammates, coaches, and social media. These pressures concern body shape, weight, appearance, eating behaviors, performance, and gender-related norms. (Petrie & Greenleaf, 2007, 2012).;;
Interpersonal factor related to DEAB;Social and Sport pressure related to significant others;Perception of social and sport pressure from other;Appearance pressure from teammates;;;;;;;;;;Refers to perceived or explicit expectations, comments, or norms within a peer group that emphasize physical appearance or body shape, leading individuals to feel pressure to conform to specific body ideals.s (Runquist et al., 2025);;
Interpersonal factor related to DEAB;Social and sport pressure related to significant others;Perception of social and sport pressure from other;Perceived appearance based pressures from family;;;;;;;;;;Reflects perceived sociocultural pressures from family regarding one's appearance (Schaefer et al., 2016);;
Interpersonal factor related to DEAB;Social and sport pressure related to significant others;Perception of social and sport pressure from other;Perceived coach pressure;;;;;;;;;;"""Designed to represent athletes’ tendencies to perceive their coaches as sources of performance pressure"" (Pineda-Espejel et al., 2017)";;
Interpersonal factor related to DEAB;Social and sport pressure related to significant others;Perception of social and sport pressure from other;Perceived parental pressure;;;;;;;;;;"""Defined as the tendency to perceive that the parents placed high goals and are too critical or exert much pressure to achieve these goals"" (Pineda-Espejel et al., 2017)";;
Interpersonal factor related to DEAB;Social and sport pressure related to significant others;Perception of social and sport pressure from other;Perceived pressures from family;;;Pressure from family;;;;;;;Defined as the perceived pressure from family members to improve or modify one’s physical appearance (Jankauskiene et al., 2024).;;
Interpersonal factor related to DEAB;Social and sport pressure related to significant others;Perception of social and sport pressure from other;Perceived pressures from media;;;;;;;;;;Defined as the perceived pressure from media to improve or modify one’s physical appearance (Jankauskiene et al., 2024).;;
Interpersonal factor related to DEAB;Social and sport pressure related to significant others;Perception of social and sport pressure from other;Perceived pressures from peer;;;;;;;;;;Reflect perceived sociocultural pressures from peer regarding one's appearance (Schaefer et al., 2016);;
Interpersonal factor related to DEAB;Social and sport pressure related to significant others;Perception of social and sport pressure from other;Perceived weight related coach pressure;;;;;;;;;;Refers to athletes’ perception of explicit or implicit pressure from their coach regarding body weight, shape, or appearance. This includes remarks about weight, judgments based on appearance, urging athletes to diet, or attributing failures to weight (Gomes et al., 2011);;
Interpersonal factor related to DEAB;Social and Sport pressure related to significant others;Perception of social and sport pressure from other;Social pressure on body shape;;;;;;;;;;"Refers to perceived external influences from peers, family, coaches, and broader social environments that lead individuals to feel dissatisfaction with their body, including feeling “too fat,” and to experience pressure to conform to specific body ideals (Hinton et al., 2005; Wadas, 2014)";;
Interpersonal factor related to DEAB;Social and Sport pressure related to significant others;Perception of social and sport pressure from other;Social pressure on eating;;;;;;;;;;"Refers to feelings about eating (social pressure on eating). Refers to the sensation of feel uncomfortable eating in front of peers (friends, coach, mom, dad, teammates) (Hinton et al., 2005 ; Wadas, 2014)";;
Interpersonal factor related to DEAB;Social and sport pressure related to significant others;Perception of social and sport pressure from other;Appearance comparison;;;Teammate body comparison;;;;;;;"""Refers to tendencies to engage in eating and exercise-related social comparison"", like body comparison with teammate (Runquist et al., 2025)";;
Interpersonal factor related to DEAB;Social and Sport pressure related to significant others;Pressure to be thin/thinness;;;;;;;;;;;"“Pressure to be thin refers to sociocultural messages embracing the “thin ideal,” a culturally-defined concept of physical beauty characterized by an ultra-thin or lean body shape"" (Stice, 2005)";;
Interpersonal factor related to DEAB;Social and Sport pressure related to significant others;Pressure to be thin/thinness;Pressure for thinness coaches;;;;;;;;;;Refers to coach pressure to be thinner (Kosmidou et al., 2018);;
Interpersonal factor related to DEAB;Social and Sport pressure related to significant others;Pressure to be thin/thinness;Pressure to be thin;;;;;;;;;;Pressure exerted by ideals standards of beauty represents how much individuals feel pressured to achieve these cultural ideas of beauty (Da Cunha et al., 2022);;
Interpersonal factor related to DEAB;Social and Sport pressure related to significant others;Pressure to be thin/thinness;Pressure to be thin by friends;;;;;;;;;;Refers to friends pressure to be thinner (Kosmidou et al., 2018);;
Interpersonal factor related to DEAB;Social and Sport pressure related to significant others;Pressure to be thin/thinness;Pressure to be thin by parents;;;;;;;;;;Refers to parents pressure to be thinner (Kosmidou et al., 2018);;
Interpersonal factor related to DEAB;Social and Sport pressure related to significant others;Pressure to be thin/thinness;Pressures for thinness teammates;;;;;;;;;;Refers to perception of pressure from teammate to lose weight or maintain a low body weight (Palermo et al., 2022);;
Interpersonal factor related to DEAB;Social and Sport pressure related to significant others;Pressure to be thin/thinness;Social influence for thinness;;;;;;;;;;"""Refers to the athlete perception of pressure about body weight or size from coaches and teammates"" (Williamson et al., 1995)";;
Interpersonal factor related to DEAB;Social and Sport pressure related to significant others;Pressure to be thin/thinness;Thinness related learning;;;;;;;;;;"""Degree of which the individual is exposed to learning about thinness in a dance class"" (Annus and Smith, 2009) => article Penniment (2012)";;
Interpersonal factor related to DEAB;Social and Sport pressure related to significant others;Thin-fat-others;;;;;;;;;;;"Refers to ""perception of others on shape/weight/fat"" (De Bruin et al., 2011)";;
Interpersonal factor related to DEAB;Social and Sport pressure related to significant others;Thin-fat-others;Daily life thin-fat other;;;;;;;;;;Refers to the perception of opinions of others on shape/weight/fat (thin/low to fat/high) in daily life (Stewart et al., 2021);;
Interpersonal factor related to DEAB;Social and Sport pressure related to significant others;Thin-fat-others;Sport thin-fat-others;;;;;;;;;;"Refers to ""perception of opinions of others on shape/weight/fat (thin/low to fat/high)"" in sport (Stewart et al., 2021)";;
Interpersonal factor related to DEAB;Social and Sport pressure related to significant others;Weight pressures;;;;;;10;;;;3;"Assess the ""pressures female athletes experience in their sport
environment to diet, change their body size/shape, and/or achieve a certain physical appearance for their performances"" (Anderson et al., 2012)";Weight Pressures in Sport Females (WPS-F);
Interpersonal factor related to DEAB;Social and Sport pressure related to significant others;Weight pressures;Appearance and performance weight pressure;;;;;;;;;;Refers to external pressures such as coaches’ comments, on weight and pressure regarding appearance and performance (Kontele et al., 2022);;
Interpersonal factor related to DEAB;Social and Sport pressure related to significant others;Weight pressures;Coach related weight pressures in sport;;;;;;;;;;Defined as the influence of sport-specific factors that emphasize body weight or shape, including the revealing nature of uniforms, perceived performance advantages linked to certain body types, weight requirements and weigh-ins, and comments from coaches (Reel et al., 2013).;;
Interpersonal factor related to DEAB;Social and Sport pressure related to significant others;Weight pressures;Coach related weight pressures in sport;Coach's pressure in relation to nutrition;;;;;;;;;"Represented an ""index of the pressure placed on athletes
by taekwondo coaches in relation to nutrition and body weight"" (Baric et al., 2024)";;
Interpersonal factor related to DEAB;Social and Sport pressure related to significant others;Weight pressures;General weight pressure;;;;;;;;;;"Refers to ""pressure from a specific source to adhere to cultural standards of attractiveness"" (Pallotto et al., 2022)";;
Interpersonal factor related to DEAB;Social and sport pressure related to significant others;Weight pressures;General weight pressure media;;;;;;;;;;Refers to pressure from media to adhere to cultural standards of attractiveness (Pallotto et al., 2022);;
Interpersonal factor related to DEAB;Social and Sport pressure related to significant others;Weight pressures;General weight pressure parent;;;;;;;;;;"Refers to pressure from parents ""to adhere to cultural standards of attractiveness"" (Pallotto et al., 2022)";;
Interpersonal factor related to DEAB;Social and Sport pressure related to significant others;Weight pressures;General weight pressure peer;;;;;;;;;;"Refers to pressure from peers to ""adhere to cultural standards of attractiveness"" (Pallotto et al., 2022)";;
Interpersonal factor related to DEAB;Social and Sport pressure related to significant others;Weight pressures;Pressures to lose weight/change shape from teammates;;;;;;;;;;Refers to the perception of pressure to lose weight or change shape from differents sources, like teammates (Scott et al., 2019);;
Interpersonal factor related to DEAB;Social and Sport pressure related to significant others;Weight pressures;Sport related weight pressures;;;Sport specific weight pressure;;;;;;;"Refers to ""pressure by coaches/sport to lose weight"" (Anderson et al., 2012)";;
Interpersonal factor related to DEAB;Social and Sport pressure related to significant others;Weight pressures;Weight pressure appearance;;;;;;;;;;"Refers to ""pressure by teammates, peers and spectators to have a thin appearance"" (Anderson et al., 2012)";;
Interpersonal factor related to DEAB;Social and Sport pressure related to significant others;Weight pressures;Weight pressure coach/teammate;;;;;;;;;;"""Assesses coach/ teammate pressures about weight (influence coaches and teammates have on body image and disordered eating), importance of body weight and appearance (value of attaining an ideal body), and uniform pressures (extent to which athletic apparel draws undesired attention to the body)"" (Chatterton et al., 2017)";;
Interpersonal factor related to DEAB;Social and Sport pressure related to significant others;Weight pressures;Weight pressure in dance;;;;;;;;;;Refers to the pressure in the dance environment about body weight, shape, and size (Estanol et al., 2013);;
Interpersonal factor related to DEAB;Social and sport pressure related to significant others;Weight pressures;Weight pressure uniform;;;;;;;;;;"Refers to pressures on uniform, ""extent to which athletic apparel draws undesired attention to the body"" (Chatterton et al., 2017)";;
Intrapersonal factor related to DEAB;;;;;;;;;;;;;Personal characteristics that influence eating behavior. These refer to knowledge, attitudes, beliefs, and skills (Story, 2002);;
Intrapersonal factor related to DEAB;Body image and self-esteem;;;;;;;;;;;;Refers to the set of perceptions, beliefs, emotions, and behaviors related to the body which, in interaction with other areas of the self, contribute to the formation and maintenance of overall self-esteem (Cash, 2012);;
Intrapersonal factor related to DEAB;Body image and self-esteem;Affective dimension of body image and self-esteem;;;;;;;;;;;Depicts the positive or negative feelings that individuals develop towards their bodily appearance and toward themselves more generally (Cash and Green, 1986);;
Intrapersonal factor related to DEAB;Body image and self-esteem;Affective dimension of body image and self-esteem;Attractive body;;;;;;;;;;Defined as the subjective evaluation of one’s physical appearance as aesthetically pleasing, reflecting the affective dimension of body image and self-esteem, and encompassing feelings of satisfaction or dissatisfaction with one’s body (Cash, 2004).;;
Intrapersonal factor related to DEAB;Body image and self-esteem;Affective dimension of body image and self-esteem;Attractive body;Perceived physical appearance;;;;;;;;;"""Refers to the perception to be able to maintain an attractive body over time"" (Ouellet et al., 2022)";;
Intrapersonal factor related to DEAB;Body image and self-esteem;Affective dimension of body image and self-esteem;Attractive body;Physical attractiveness;;;;;;;;;"""Physical appearance and remaining attractive over time"" (Monthuy-Blanc et al., 2012)";;
Intrapersonal factor related to DEAB;Body image and self-esteem;Affective dimension of body image and self-esteem;Attractive body;Sexual attractiveness;;;;;;;;;;;
Intrapersonal factor related to DEAB;Body image and self-esteem;Affective dimension of body image and self-esteem;Body esteem;;;;;;;;;;"Refers to self-evaluation of someone’s appearance, a concept of self-appraisal of one’s own body. Body esteem consists feelings about one’s weight, feelings about one’s general appearance and opinions attributed to others concerning one’s appearance (Mendelson & White, 1985 ; Mendelson, Mendelson, & White, 2001)";;
Intrapersonal factor related to DEAB;Body image and self-esteem;Affective dimension of body image and self-esteem;Body esteem;Body appreciation;;;;;;;;;"Defined as a core component of positive body image, reflecting a favorable and accepting attitude toward one’s body, including respect for its needs and functions, engagement in health-promoting behaviors, and the ability to reject unrealistic societal appearance ideals (Définition Avalos et al., 2005; Adam et al., 2021).";;
Intrapersonal factor related to DEAB;Body image and self-esteem;Affective dimension of body image and self-esteem;Body esteem;Body esteem appearance;;;;;;;;;"""Refers to general feelings about physical appearance"" (Valls et al., 2011)";;
Intrapersonal factor related to DEAB;Body image and self-esteem;Affective dimension of body image and self-esteem;Body esteem;Body esteem attribution;;;;;;;;;"""Refers to beliefs about how their physical appearance is perceived by others"" (Valls et al., 2011)";;
Intrapersonal factor related to DEAB;Body image and self-esteem;Affective dimension of body image and self-esteem;Body esteem;Body esteem weight satisfaction;;;;;;;;;"""Evaluates satisfaction or dissatisfaction with weight"" (Valls et al., 2011)";;
Intrapersonal factor related to DEAB;Body image and self-esteem;Affective dimension of body image and self-esteem;Body esteem;Weight influences esteem;;;;;;;;;Reflects the extent to which an individual’s self-worth or global self-esteem depends on their body weight or perceptions of weight (Petrie et al., 2009);;
Intrapersonal factor related to DEAB;Body image and self-esteem;Affective dimension of body image and self-esteem;Body esteem;Upper body strength;;;;;;;;;Reflects the extent to which an individual’s self-worth or global self-esteem depends on their upper body weight or perceptions of weight (Petrie et al., 2009);;
Intrapersonal factor related to DEAB;Body image and self-esteem;Affective dimension of body image and self-esteem;Body esteem;Physical fitness;;;;;;;;;focuses on assessing the endurance and agility of the body (Lipowska and Lipowski, 2013).;;
Intrapersonal factor related to DEAB;Body image and self-esteem;Attitudinal dimension of body image;Attitude toward unhealthy practice;;;;;;;;;;Defined as an individual’s evaluative disposition toward engaging in harmful weight-control or body modification behaviors, reflecting the attitudinal dimension of body image and self-esteem (Cash, 2004).;;
Intrapersonal factor related to DEAB;Body image and self-esteem;Attitudinal dimension of body image;Attitude toward unhealthy practice;Attitude towards unhealthy weight loss behavior;;;;;;;;;Refers to the degree to which individuals endorse or accept unhealthy practices to lose or maintain weight (e.g., meal skipping, very low-calorie diets, use of laxatives or diet pills) (Pajaujiene et al., 2012);;
Intrapersonal factor related to DEAB;Body image and self-esteem;Attitudinal dimension of body image;Attitude toward unhealthy practice;Attitude towards unhealthy exercising behavior;;;;;;;;;Refers to the degree to which individuals endorse or accept erroneous or harmful exercise-related practices aimed at controlling body weight (Pajaujiene et al., 2012);;
Intrapersonal factor related to DEAB;Body image and self-esteem;Attitudinal dimension of body image;Body and muscularity attitude;;;;;;;;;;Defined as an individual’s evaluative beliefs and attitudes toward their body shape and level of muscularity, reflecting the attitudinal dimension of body image and self-esteem (Cash, 2004).;;
Intrapersonal factor related to DEAB;Body image and self-esteem;Attitudinal dimension of body image;Body and muscularity attitude;Muscularity-oriented attitudes;;;;;;;;;Refers to attitude toward the desire to remodel the current body shape and gain muscle mass (Chaba et al., 2018);;
Intrapersonal factor related to DEAB;Body image and self-esteem;Attitudinal dimension of body image;Body and muscularity attitude;Muscularity-oriented body image;;;;;;;;;"""Preoccupation with becoming more muscular"" (Chatterton et al., 2017)";;
Intrapersonal factor related to DEAB;Body image and self-esteem;Attitudinal dimension of body image;Body and muscularity attitude;Body attitude;;;;;;;;;"""Body attitudes has three facets: evaluation, i.e., evaluative thoughts and beliefs about one's appearance, affect, or the discrete emotional body experiences, and investment, which means the importance of appearance and the behaviors aimed to maintain or enhance it"" (Muth & Cash, 1997)";;
Intrapersonal factor related to DEAB;Body image and self-esteem;Attitudinal dimension of body image;Body appreciation;;;;;;;;;;Body appreciation has been defined as “accepting, holding favourable attitudes toward, and respecting the body, while also rejecting media-promoted appearance ideals as the only form of beauty” (Tylka & Wood-Barcalow, 2015a, p. 53);;
Intrapersonal factor related to DEAB;Body image and self-esteem;Attitudinal dimension of body image;Body appreciation;Muscle appearance;;;;;;;;;Refers to the global score of the muscle appearance satisfaction scale and assess symptoms related to cognitive, behavioral and affective dimensions of muscle dysmorphia (Babusa et al., 2012);;
Intrapersonal factor related to DEAB;Body image and self-esteem;Attitudinal dimension of body image;Body appreciation;Muscle satisfaction;;;;;;;;;"Refers to ""satisfaction with one's own muscle size and definition"" (Mayville et al., 2002)";;
Intrapersonal factor related to DEAB;Body image and self-esteem;Attitudinal dimension of body image;Body appreciation;Satisfied with overall appearance;;;;;;;;;Refers to overall satisfaction with appearance (Petrie et al., 2009);;
Intrapersonal factor related to DEAB;Body image and self-esteem;Attitudinal dimension of body image;Body appreciation;Satisfied with overall body;;Positive perception of the body;;;;;;;Refers to overall satisfaction with body (Petrie et al., 2009);;
Intrapersonal factor related to DEAB;Body image and self-esteem;Attitudinal dimension of body image;Body appreciation;Satisfaction with body shape and physical appearance;;;;;;;;;Defined as the degree to which individuals feel content with their body weight and overall physical appearance, typically assessed through self-reported measures (Silva et al., 2011);;
Intrapersonal factor related to DEAB;Body image and self-esteem;Attitudinal dimension of body image;Body appreciation;Body factor;;;;;;;;;"Defined as a dimension of body satisfaction reflecting individuals’ evaluation of their body size and shape, assessed through satisfaction with specific body parts commonly associated with body dissatisfaction (e.g., hips, thighs, buttocks) (Petrie et al., 2002; Anderson et al., 2012).";;
Intrapersonal factor related to DEAB;Body image and self-esteem;Attitudinal dimension of body image;Body appreciation;Body parts satisfaction body;;;;;;;;;Defined as a measure of men’s satisfaction with specific body parts, including the upper body (e.g., chest, arms) as well as overall body size and shape (Chatterton et al., 2017);;
Intrapersonal factor related to DEAB;Body image and self-esteem;Attitudinal dimension of body image;Body appreciation;Body parts satisfaction face;;;;;;;;;"Defined as the degree to which individuals feel satisfied with their facial features, reflecting a specific dimension of body image assessed through self-reported evaluation of facial appearance (Petrie et al., 2002; Petrie et al., 2009)";;
Intrapersonal factor related to DEAB;Body image and self-esteem;Attitudinal dimension of body image;Body appreciation;Body satisfaction;;Body areas satisfaction;;;;;;;"""Refers to the degree of satisfaction with different aspects of one's oappearance (i.e., face, hair, lower torso, mid torso, upper torso, muscle tone, weight and height"" (Brown, Cash & Mikulka, 1990 ; Cash, 2000)";;
Intrapersonal factor related to DEAB;Body image and self-esteem;Attitudinal dimension of body image;Body appreciation;Body satisfaction for legs;;;;;;;;;Refers to a measure of men’s satisfaction with specific body parts, including legs (Chatterton et al., 2017);;
Intrapersonal factor related to DEAB;Body image and self-esteem;Attitudinal dimension of body image;Body image dissatisfaction;;;;;;;;;;"""Body (image) dissatisfaction can be defined as the negative attitude towards one’s own body resulting from a perceived discrepancy between the actual body image (i.e., perceptions, thoughts, and feelings concerning one’s actual physical appearance; e.g., Cash, 1990) and the ideal body image (i.e., internalized ideals about one’s physical appearance; e.g., Cooper & Taylor, 1988; Strauman, Vookles, Berenstein, Chaiken, & Higgins, 1991; Williamson, Gleaves, Watkins, & Schlundt, 1993)"" (Heider et al., 2018)";;
Intrapersonal factor related to DEAB;Body image and self-esteem;Attitudinal dimension of body image;Body image dissatisfaction;Body dissatisfaction;;Negative perception of the body;;;;;;;"""Assesses discontentment with the overall shape and with the size of those regions of the body of extraordinary concern to those with eating disorders (i.e., stomach, hips, thighs, buttocks). One item on BD scale measures the feeling of bloating after eating a normal meal, a common feature of those who are dissatisfied with their body weight"" (Garner, 2004)";;
Intrapersonal factor related to DEAB;Body image and self-esteem;Attitudinal dimension of body image;Body image dissatisfaction;Appearance intolerance;;;;;;;;;"""Consists of questions regarding negative beliefs about one’s body and resulting appearance anxiety or body exposure avoidance"" (Hildebrandt et al., 2004)";;
Intrapersonal factor related to DEAB;Body image and self-esteem;Attitudinal dimension of body image;Body image dissatisfaction;Body image avoidance;;;;;;;;;"""Refers to efforts to avoid, suppress, modify, or otherwise escape from distressing negative thoughts, feelings, or sensations about the body"" (Timko et al., 2014)";;
Intrapersonal factor related to DEAB;Body image and self-esteem;Attitudinal dimension of body image;Body image dissatisfaction;Body surveillance;;;;;;;;;"Defined as the behavioral manifestation of self-objectification, referring to the habitual monitoring of one’s body and the evaluation of one’s appearance against internalized cultural standards of attractiveness (Fitzsimmons & Bardone-Cone, 2011; Lindberg et al., 2006; Kilpela et al., 2017).";;
Intrapersonal factor related to DEAB;Body image and self-esteem;Attitudinal dimension of body image;Body image dissatisfaction;Body image duality;;;;;;;;;"Refers to the ""perception of alignment in body ideals between their sport and broader society"" (Fatt et al., 2024)";;
Intrapersonal factor related to DEAB;Body image and self-esteem;Attitudinal dimension of body image;Body image dissatisfaction;Physique protection;;;;;;;;;"""Extent to which an individual avoids having their body viewed by others (e.g., wearing baggy clothing)"" (Thomas et al., 2014)";;
Intrapersonal factor related to DEAB;Body image and self-esteem;Attitudinal dimension of body image;Body image dissatisfaction;Specific body image dissatisfaction;;;;;;;;;Refers to the discrepancy between the current body image and the ideal image for the practice of the activity (Francisco et al., 2012);;
Intrapersonal factor related to DEAB;Body image and self-esteem;Attitudinal dimension of body image;Body image dissatisfaction;Sports related body dissatisfaction;;;;;;;;;Refers to the discrepency between their current figure and the figure they regarded as ideal for their sport (Krentz et al., 2011);;
Intrapersonal factor related to DEAB;Body image and self-esteem;Attitudinal dimension of body image;Body image dissatisfaction;Body dissatisfaction performance;;;;;;;;;Refers to the body parts dissatisfaction (hips, buttock) in relation to sport performance (Anderson et al., 2016);;
Intrapersonal factor related to DEAB;Body image and self-esteem;Attitudinal dimension of body image;Body image dissatisfaction;Body dissatisfaction appearance;;;;;;;;;Feelings of physical unattractiveness or dissatisfaction with one's look (Cash, 2000);;
Intrapersonal factor related to DEAB;Body image and self-esteem;Attitudinal dimension of body image;Body image dissatisfaction;Body fat dissatisfaction;;;;;;;;;"""Refers to a derogatory view of weight and body fat"" (Cooper, Taylor, Cooper, & Fairburn, 1987).";;
Intrapersonal factor related to DEAB;Body image and self-esteem;Attitudinal dimension of body image;Body image dissatisfaction;;;;;;;;;;"""Subjective negative evaluation of one's body image"" (Cash, 2012 ; Stice & Shaw, 2002)";;
Intrapersonal factor related to DEAB;Body image and self-esteem;Attitudinal dimension of body image;Body image dissatisfaction;Body image dissatisfaction in sport;;;;;;;;;"Subjective negative evaluation of one's body image in the specific context of sport (Aleksic et al., 2020 ; Cash, 2012 ; Stice & Shaw, 2002)";;
Intrapersonal factor related to DEAB;Body image and self-esteem;Attitudinal dimension of body image;Body image dissatisfaction;Body shame;;;;;;;;;"""It is the negative emotion that occurs when a person compares him- or her-self to some internalized cultural ideal and perceives a discrepancy between this ideal and their body"" (Hallsworth et al., 2005)";;
Intrapersonal factor related to DEAB;Body image and self-esteem;Attitudinal dimension of body image;Body image dissatisfaction;Body shape;;;;;;;;;Defined as the specific proportions and areas on the body where weight tends to accumulate, which can vary based on factors such as leg-to-torso length and shoulder-to-hip width (Faust & Carrier, 2011);;
Intrapersonal factor related to DEAB;Body image and self-esteem;Attitudinal dimension of body image;Body image dissatisfaction;Body shape concerns and dissatisfaction;;;;;;;;;A construct reflecting the degree of preoccupation with, and negative evaluation of, one’s body shape (Kulshreshtha et al., 2020);;
Intrapersonal factor related to DEAB;Body image and self-esteem;Attitudinal dimension of body image;Body image dissatisfaction;Body dysmorphic concerns;;;;;;;;;"""Mental health condition characterised by excessive concern and preoccupation with perceived flaws or imperfections in one's physical appearance, which are often minor or not observable to others"" (Fekih-Romdhane et al., 2025)";;
Intrapersonal factor related to DEAB;Body image and self-esteem;Attitudinal dimension of body image;Body talk;;;;;;;;;;"Defined as self-disparaging communication in which individuals criticize their own body weight, shape, or physical fitness in interactions with others, reflecting a form of self-devaluation related to body image (Nichter & Vuckovic, 1994; Shannon & Mills, 2015).";;
Intrapersonal factor related to DEAB;Body image and self-esteem;Attitudinal dimension of body image;Body talk;Fat talk;;;;;;;;;Refers specifically to remarks about perceived fatness (Ahlich et al., 2019);;
Intrapersonal factor related to DEAB;Body image and self-esteem;Attitudinal dimension of body image;Body talk;Male body talk;;;;;;;;;"""Uses to assess the frequency with which men express concerns about their bodies to others"" (Ahlich et al., 2019)";;
Intrapersonal factor related to DEAB;Body image and self-esteem;Attitudinal dimension of body image;Body talk;Muscle talk;;;;;;;;;"""Assesses men's tendency to express concerns regarding degree of muscularity and being too small"" (Sladek et al., 2014)";;
Intrapersonal factor related to DEAB;Body image and self-esteem;Attitudinal dimension of body image;Contextual expressions;;;;;;;;;;It is the context-dependent evaluation of body image aspects, reflecting how self-evaluations, comparisons with others, and perceived social evaluations vary between situations such as everyday life and sport. (De Bruin et al., 2011).;;
Intrapersonal factor related to DEAB;Body image and self-esteem;Attitudinal dimension of body image;Contextual expressions;Appearance daily life;;;;;;;;;"""Evaluation of appearance (ugly to beautiful) in the context of daily life"" (Stewart et al., 2021)";;
Intrapersonal factor related to DEAB;Body image and self-esteem;Attitudinal dimension of body image;Contextual expressions;Appearance sport;;;;;;;;;"""Evaluation of appearance (ugly to beautiful)"" in the context of sport (Stewart et al., 2021)";;
Intrapersonal factor related to DEAB;Body image and self-esteem;Attitudinal dimension of body image;Contextual expressions;Muscularity daily life;;;;;;;;;"""Level of muscularity (unmuscular to muscular)"" (Stewart et al., 2021)";;
Intrapersonal factor related to DEAB;Body image and self-esteem;Attitudinal dimension of body image;Body change;;;;;;;;;;Refers to the individual’s desire, intention, or efforts to modify their body shape, weight, or physical appearance through behaviors such as dieting, exercise, or other body-related strategies (Ogul et al., 2026);;
Intrapersonal factor related to DEAB;Body image and self-esteem;Attitudinal dimension of body image;Evaluation sensitivity;;;;;;;;;;Refers to the degree to which an individual is affected by others’ judgments, opinions, or perceived evaluations of their physical appearance (Ogul et al., 2026);;
Intrapersonal factor related to DEAB;Body image and self-esteem;Cognitive dimension of body image and self-esteem;;;;;;;;;;;Refers to beliefs and thoughts about body shape and appearance, the mental representation of the body, and self-evaluative cognitions related to personal worth and self-esteem. (Cash & Green, 1986);;
Intrapersonal factor related to DEAB;Body image and self-esteem;Cognitive dimension of body image and self-esteem;Appearance related expectancies;;;;;;;;;;Defined as individuals’ beliefs and expectations about how their physical appearance influences social outcomes, self-worth, and life opportunities, reflecting the cognitive dimension of body image and self-esteem (Cash, 2004).;;
Intrapersonal factor related to DEAB;Body image and self-esteem;Cognitive dimension of body image and self-esteem;Appearance related expectancies;Thinness/restricting expectancies;;;;;;;;;"""Expectations that being thin or restricting food intake
will lead to reinforcement, such as. . .becoming more
attractive"" (Penniment et al., 2012)";;
Intrapersonal factor related to DEAB;Body image and self-esteem;Cognitive dimension of body image and self-esteem;Appearance related expectancies;Perceived benefits of gaining muscle mass;;;;;;;;;Defined as the belief that increasing muscle mass would enhance one’s self-confidence, reflecting a cognitive aspect of body image and self-esteem (Chaba et al., 2019);;
Intrapersonal factor related to DEAB;Body image and self-esteem;Cognitive dimension of body image and self-esteem;Body as a tool;;;;;;;;;;Defined as the perceived compulsion to continue training even when physically injured, reflecting a maladaptive belief or behavior related to exercise and body image (Lantz et al., 2004).;;
Intrapersonal factor related to DEAB;Body image and self-esteem;Cognitive dimension of body image and self-esteem;Body comparison and ideal perception;;;;;;;;;;"Refers to the processes through which individuals evaluate their own body and appearance by comparing themselves with others and by referencing culturally defined ideals of body size and attractiveness that symbolize beauty or success. (Laker & Waller, 2019; Martin, 2010).";;
Intrapersonal factor related to DEAB;Body image and self-esteem;Cognitive dimension of body image and self-esteem;Body comparison and ideal perception;Current body weight-ideal body weight;;;;;;;;;Refers to the indirect perception of the athletes body weight by the difference in their current body weight, and the body weight declared to be ideal by the athletes (De Oliveira et al., 2017);;
Intrapersonal factor related to DEAB;Body image and self-esteem;Cognitive dimension of body image and self-esteem;Body comparison and ideal perception;Ideal physique perception;;Male ideal physique perception;;;;;;;"""Refers to the degree to which subjects believed their male physique was ideally or ought to be muscular"" (Thomas et al., 2014)";;
Intrapersonal factor related to DEAB;Body image and self-esteem;Cognitive dimension of body image and self-esteem;Body comparison and ideal perception;Body image ideals;;;;;;;;;"""Personal standards of optimal appearance for various body features: idealized features as opposed to actual attributes of appearance"" (American Psychological Association dictionary)";;
Intrapersonal factor related to DEAB;Body image and self-esteem;Cognitive dimension of body image and self-esteem;Body norms internalization;;;;;;;;;;It is the adoption of societal and sport-related body ideals as internal standards, formed through exposure to family, peers, media, and sport-specific expectations, influencing self-evaluation and behavior. (Petrie & Greenleaf, 2007, 2012);;
Intrapersonal factor related to DEAB;Body image and self-esteem;Cognitive dimension of body image and self-esteem;Body norms internalization;Athletic ideal internalization;;;;;;;;;"""Refers to the integration of body norms associated with athletic or sporty figures"" (Rousseau et al., 2010)";;
Intrapersonal factor related to DEAB;Body image and self-esteem;Cognitive dimension of body image and self-esteem;Body norms internalization;Internalization of thin/low body fat;;;;;;;;;"""Assesses an individual's personal desire for a thin physique and degree of cognitive energy spent thinking about achieving this physique"" (Schaefer et al., 2020)";;
Intrapersonal factor related to DEAB;Body image and self-esteem;Cognitive dimension of body image and self-esteem;Body norms internalization;Internalization of muscular/athletic;;;;;;;;;"""Refers to the desire to attain a muscular or athletic figure"" (Schaefer et al., 2015)";;
Intrapersonal factor related to DEAB;Body image and self-esteem;Cognitive dimension of body image and self-esteem;Body norms internalization;General internalization;;;;;;;;;"""Refers to the assimilation of beauty standards disseminated by the media through magazines and television"" (Rousseau et al., 2010)";;
Intrapersonal factor related to DEAB;Body image and self-esteem;Cognitive dimension of body image and self-esteem;Body norms internalization;Internality;;;;;;;;;"""Refers to the personal wills capabilities"" (Di Corrado et al., 2021)";;
Intrapersonal factor related to DEAB;Body image and self-esteem;Cognitive dimension of body image and self-esteem;Body norms internalization;Internalization in sport;;;;;;;;;Refers to the process by which an individual accepts society’s beauty ideals and adopts behaviors aimed at achieving that ideal in the context of sport (Ricardo et al., 2024);;
Intrapersonal factor related to DEAB;Body image and self-esteem;Cognitive dimension of body image and self-esteem;Body norms internalization;Internalization of body shape model;;;;;;;;;"""Refers to the influences that favour the internalization of the slender body shape model""(Toro et al., 2009)";;
Intrapersonal factor related to DEAB;Body image and self-esteem;Cognitive dimension of body image and self-esteem;Body norms internalization;Muscular ideal internalization;;;;;;;;;Refers to a figure that is lean, but muscular and athletic, with well-developed and defined upper body muscles (i.e., chest, arms, and shoulders) a v-shaped torso, and a slim waist and hips (Schaefer et al., 2015);;
Intrapersonal factor related to DEAB;Body image and self-esteem;Cognitive dimension of body image and self-esteem;Body norms internalization;Sociocultural attitudes toward appearance-internalization;;;;;;;;;Refers to social comparison (extent to which individuals compare themselves to body ideals) and internalization (extent to which individuals value body ideals) (Chatterton et al., 2017);;
Intrapersonal factor related to DEAB;Body image and self-esteem;Cognitive dimension of body image and self-esteem;Body norms internalization;Subjective norm related to gain muscle mass;;;;;;;;;Refers to an individual’s perception of social approval or expectations from significant others regarding their efforts to increase muscle mass (Chaba et al., 2019);;
Intrapersonal factor related to DEAB;Body image and self-esteem;Cognitive dimension of body image and self-esteem;Body norms internalization;Thin ideal internalization;;Your body and sports;;;;;;;"Refers to ""the degree to which participants endorse cultural ideals for thinness"" (Pallotto et al., 2à22)";;
Intrapersonal factor related to DEAB;Body image and self-esteem;Cognitive dimension of body image and self-esteem;Cognitive fusion body image;;;;;;;;;;It is an emotional process that refers to an excessive attachment to the content of one's thoughts, which are perceived as facts, rather than subjective and transitory interpretations of reality (Gillanders et al., 2014);;
Intrapersonal factor related to DEAB;Body image and self-esteem;Cognitive dimension of body image and self-esteem;Eating concern;;;;;;;;;;"""Focuses on the fear of losing control over eating and
apprehension about what to eat"" (Silva et al., 2011)";;
Intrapersonal factor related to DEAB;Body image and self-esteem;Cognitive dimension of body image and self-esteem;Importance of appearance beliefs;;;;;;;;;;"Refers to beliefs about the significance individuals attribute to their physical appearance, reflected in the cognitive and behavioral investment they place in managing and evaluating their appearance. (Cash, 2000; Vossbeck-Elsebusch et al., 2014).";;
Intrapersonal factor related to DEAB;Body image and self-esteem;Cognitive dimension of body image and self-esteem;Importance of appearance beliefs;Perceived importance of being physically fit and in-shape;;;;;;;;;"""Refers to the women’s endorsement of U.S. cultural values concerning attractiveness and beauty, including the perceived importance of Being Physically Fit and In-Shape"" (Greenleaf et al., 2010)";;
Intrapersonal factor related to DEAB;Body image and self-esteem;Cognitive dimension of body image and self-esteem;Importance of appearance beliefs;Perceived importance of being attractive and thin;;;;;;;;;Perceived importance of being attractive and thin is defined as the degree to which individuals internalize and endorse societal standards—particularly Western ideals—that emphasize thinness and physical attractiveness as important values (Petrie et al., 1996);;
Intrapersonal factor related to DEAB;Body image and self-esteem;Cognitive dimension of body image and self-esteem;Muscularity-related intentions;;;;;;;;;;"Defined as individuals’ cognitive plans and deliberate intentions to increase muscle mass or enhance muscular appearance, reflecting the cognitive dimension of body image and self-esteem (Ajzen, 1991; Cash, 2004)";;
Intrapersonal factor related to DEAB;Body image and self-esteem;Cognitive dimension of body image and self-esteem;Muscularity-related intentions;Intention to gain muscle mass/to lean body mass;;;;;;;;;Refers to an individual’s conscious and planned commitment to increase muscle or lean body mass through specific exercise behaviors (Chaba et al., 2021);;
Intrapersonal factor related to DEAB;Body image and self-esteem;Cognitive dimension of body image and self-esteem;Muscularity-related intentions;Intention to gain muscle mass;;;;;;;;;Refers to an individual’s conscious and planned commitment to increase muscular size through targeted exercise behaviors (Chaba et al., 2019);;
Intrapersonal factor related to DEAB;Body image and self-esteem;Global self-worth;;;;;;;;;;;"""Overall positive or negative way an individual feel about themselves"" (Fox, 2000; Fox and Corbin, 1989)";;
Intrapersonal factor related to DEAB;Body image and self-esteem;Global self-worth;Common humanity;;;;;;;;;;"""Perceiving experiences as connected to other people"" (Adam, 2021)";;
Intrapersonal factor related to DEAB;Body image and self-esteem;Global self-worth;Global physical self;;;;;;;;;;"""From the psychosocial perspective, the physical self refers to a composite self-description of a perceived feeling or experience based on one’s bodily movement, such as health, fitness levels, sport competence, physical appearance, and global self-esteem"" (Fox and Corbin 1989).";;
Intrapersonal factor related to DEAB;Body image and self-esteem;Global self-worth;Health orientation;;;;;;;;;;Extent of investment in a physically healthy lifestyle (Cash, 2000);;
Intrapersonal factor related to DEAB;Body image and self-esteem;Global self-worth;Illness orientation;;;;;;;;;;Extent of reactivity to being or becoming ill (Cash, 2000);;
Intrapersonal factor related to DEAB;Body image and self-esteem;Global self-worth;Impression construction;;;;;;;;;;"""Representing the individual's behaviours to create the impression of being fit, toned and as an exerciser"" (Gomes et al., 2011)";;
Intrapersonal factor related to DEAB;Body image and self-esteem;Global self-worth;Impression motivation;;;;;;;;;;"""Representing an individual's desire to be perceived as being fit, toned or as an exerciser"" (Gomes et al., 2011)";;
Intrapersonal factor related to DEAB;Body image and self-esteem;Global self-worth;Isolation;;;;;;;;;;Measures a key component of self-criticism and lack of self-compassion. Example item: “When I fail at something important to me, I tend to feel alone in my failure” (Adam, 2021);;
Intrapersonal factor related to DEAB;Body image and self-esteem;Global self-worth;Mindfulness;;;;;;;;;;"""Holding thoughts and feelings in a state of balanced awareness"" (Adam, 2021)";;
Intrapersonal factor related to DEAB;Body image and self-esteem;Global self-worth;Over identification;;;;;;;;;;"""Refers to becoming entangled with one’s suffering by exaggerating or dramatizing negative thoughts and experiences, losing clarity and balance, and allowing these negative aspects to dominate one’s self-perception"" (Neff et al., 2018)";;
Intrapersonal factor related to DEAB;Body image and self-esteem;Global self-worth;Self-compassion;;;;;;;;;;"""Described as being touched by and open to one's own suffering, not avoiding or disconnecting from it, generating the desire to alleviate one's suffering and to heal oneself with kindness"" (Adam et al., 2021)";;
Intrapersonal factor related to DEAB;Body image and self-esteem;Global self-worth;Self-criticism;;;;;;;;;;"""The evaluation of one’s own behavior and attributes, with recognition of one’s weaknesses, errors, and shortcomings"" (American Psychological Association dictionary)";;
Intrapersonal factor related to DEAB;Body image and self-esteem;Global self-worth;Fitness and health/illness evaluation;;;;;;;;;;Refers to the extent to which individuals perceive themselves as physically fit, in good condition, healthy, and free from illness (Cash et al., 1990);;
Intrapersonal factor related to DEAB;Body image and self-esteem;Global self-worth;Self-criticism;Inadequate self;;;;;;;;;;;
Intrapersonal factor related to DEAB;Body image and self-esteem;Global self-worth;Self-criticism;Hated self;;;;;;;;;;;
Intrapersonal factor related to DEAB;Body image and self-esteem;Global self-worth;Self-esteem;;;;;;;;;;Refers to an individual’s sense of his or her value, or the extent to which a person values, approves, appreciates him or herself (Rosenberg, 1965).;;
Intrapersonal factor related to DEAB;Body image and self-esteem;Global self-worth;Self-judgment;;;;;;;;;;"""Being touched by and open to one’s own suffering, not avoiding or disconnecting from it, generating the desire to alleviate one’s suffering and to heal oneself with kindness” (Neff, 2003, p.87).";;
Intrapersonal factor related to DEAB;Body image and self-esteem;Global self-worth;Self-kindness;;;;;;;;;;"""Being kind and understanding toward the self"" (Adam et al., 2021)";;
Intrapersonal factor related to DEAB;Body image and self-esteem;Global self-worth;Social desirability;;;;;;;;;;"""The extent to which someone or something (a trait, attribute, or the like) is admired or considered valuable within a social group"" (American Psychological Asssociation)";;
Intrapersonal factor related to DEAB;Body image and self-esteem;Perceptual dimension of body image and self-esteem;;;;;;;;;;;"Refers to the perception and description individuals have of their body, including body size, shape, and physical characteristics, which contribute to the mental representation of the body and to the evaluation of the self, including aspects of self-esteem. (Cash et al., 2002; Grogan, 2010).";;
Intrapersonal factor related to DEAB;Body image and self-esteem;Perceptual dimension of body image and self-esteem;Body self-perception;;;;;;;;;;Refers to self-perceptions related to the body and personal attitudes, including thoughts, beliefs, feelings, and behaviors (Cash, 2012);;
Intrapersonal factor related to DEAB;Body image and self-esteem;Perceptual dimension of body image and self-esteem;Body self-perception;Thin-fat-self sport;;;;;;;;;Defined as the self-evaluation of one’s body shape, weight, or fatness along a continuum from thin/low to fat/high within the sporting context (Stewart et al., 2021).;;
Intrapersonal factor related to DEAB;Body image and self-esteem;Perceptual dimension of body image and self-esteem;Body self-perception;Thin-fat-self daily life;;;;;;;;;Defined as the self-evaluation of one’s body shape, weight, or fatness along a continuum from thin/low to fat/high within the daily life (Stewart et al., 2021);;
Intrapersonal factor related to DEAB;Body image and self-esteem;Perceptual dimension of body image and self-esteem;Body self-perception;Body image;;;;;;;;;"""A multidimensional construct that includes how one sees, thinks, feels, and behaves related to their body’s appearance and function"" (Cash & Smolak, 2011)";;
Intrapersonal factor related to DEAB;Body image and self-esteem;Perceptual dimension of body image and self-esteem;Body self-perception;Body self;;;;;;;;;"""Refers to an individual’s self-perceptions, attitudes, and evaluations regarding their own body. It encompasses cognitive, affective, and behavioral components, including satisfaction or dissatisfaction with appearance, attention to body-related cues, and the influence of these perceptions on self-esteem and daily functioning"" (Cash, 1994).";;
Intrapersonal factor related to DEAB;Body image and self-esteem;Perceptual dimension of body image and self-esteem;Body self-perception;Appearance evaluation;;;;;;;;;"""Refers to the positive-to-negative appraisals of and beliefs about one's appearance, such as satisfaction or dissatisfaction with appearance"" (Cash, 2012)";;
Intrapersonal factor related to DEAB;Body image and self-esteem;Perceptual dimension of body image and self-esteem;Body self-perception;Perception of one's own body and self;;;;;;;;;Defined as a combined evaluation of body-related perceptions (e.g., proportionality, weight control, dissatisfaction) and self-related judgments (e.g., importance of appearance for success, self-dissatisfaction), reflecting a more critical and demanding view of oneself as scores increase (Leonkiewicz et al., 2022).;;
Intrapersonal factor related to DEAB;Body image and self-esteem;Perceptual dimension of body image and self-esteem;Body self-perception;Self consciousness of weight and appearance;;;;;;;;;"""Related to pressures that female athletes might be aware of and concerned about their weight and appearance (e.g., my team uniform makes me conscious of my bodily appearance)""(Reel et al., 2010)";;
Intrapersonal factor related to DEAB;Body image and self-esteem;Perceptual dimension of body image and self-esteem;Body self-perception;Self-objectivation;;;;;;;;;"""Self-objectification is described as a form of self-
consciousness, characterized by habitual and constant monitoring of the body’s outward appearance (self-surveillance)"" (Hallsworth et al., 2005)";;
Intrapersonal factor related to DEAB;Body image and self-esteem;Perceptual dimension of body image and self-esteem;Body self-perception;Self-surveillance;;;;;;;;;"""Self-surveillance is defined as an internalized process where individuals monitor and regulate their own behavior and identity, influenced by external mechanisms of visibility and social norms, particularly within the context of social networks"" (International Encyclopedia of the Social & Behavioral Sciences, 2015)";;
Intrapersonal factor related to DEAB;Body image and self-esteem;Perceptual dimension of body image and self-esteem;Judgement of size, shape and weight;;;;;;;;;;Defined as the perceptual evaluation of one’s body dimensions, including estimations of body size, shape, and weight, reflecting the perceptual dimension of body image and self-esteem (Cash, 2004).;;
Intrapersonal factor related to DEAB;Body image and self-esteem;Perceptual dimension of body image and self-esteem;Judgement of size, shape and weight;Weight and shape concern;;;;;;;;;"""Refers the degree to which sense of self-worth is influenced by body weight and/or shape, is a specific facet of body image concern"" (Goldstein et al., 2023)";;
Intrapersonal factor related to DEAB;Body image and self-esteem;Perceptual dimension of body image and self-esteem;Judgement of size, shape and weight;Size/symmetry concerns;;;;;;;;;"""Assesses satisfaction with muscle size, shape, and definition"" (Thomas et al., 2014)";;
Intrapersonal factor related to DEAB;Body image and self-esteem;Perceptual dimension of body image and self-esteem;Judgement of size, shape and weight;Concern with thinness;;;;;;;;;Refers to a high level of preoccupation and anxiety about remaining thin or avoiding weight gain (McKnight, 2003);;
Intrapersonal factor related to DEAB;Body image and self-esteem;Perceptual dimension of body image and self-esteem;Judgement of size, shape and weight;Muscularity concern;;;;;;;;;"""Reflect degree of preoccupation with muscularity and desires to become more muscular"" (De Sousa Fortes et al., 2015)";;
Intrapersonal factor related to DEAB;Body image and self-esteem;Perceptual dimension of body image and self-esteem;Judgement of size, shape and weight;Overweight preoccupation;;;;;;;;;"""Assessing a construct reflecting fat anxiety, weight vigilance, dieting and eating restraint"" (Cash, 2000)";;
Intrapersonal factor related to DEAB;Body image and self-esteem;Perceptual dimension of body image and self-esteem;Judgement of size, shape and weight;Weight concern;;;;;;;;;"""Evaluates the feelings of dissatisfaction with the
current weight and the need to maintain or achieve a certain
body weight"" (Silva et al., 2011)";;
Intrapersonal factor related to DEAB;Body image and self-esteem;Perceptual dimension of body image and self-esteem;Judgement of size, shape and weight;Shape concern;;;;;;;;;"""Measures the feelings of dissatisfaction with own body shape, body exposure in public situations and emphasis on physical fitness"" (Silva et al., 2011)";;
Intrapersonal factor related to DEAB;Body image and self-esteem;Perceptual dimension of body image and self-esteem;Judgement of size, shape and weight;Body concern;;;;;;;;;"Refers to preoccupation and dissatisfaction with the body’s appearance including its shape and weight as well as other characteristics"" (Rodgers et al., 2023)";;
Intrapersonal factor related to DEAB;Body image and self-esteem;Perceptual dimension of body image and self-esteem;Judgement of size, shape and weight;Body image concerns;;;;;;;;;"""Refers to preoccupation and dissatisfaction with the body’s appearance including its shape and weight as well as other characteristics"" (Rodgers et al., 2023)";;
Intrapersonal factor related to DEAB;Body image and self-esteem;Perceptual dimension of body image and self-esteem;Judgement of size, shape and weight;Body shape concerns;;;;;;;;;"Preoccupation with one’s shape and to the central role of shape and its control in determining oneself (Fairburn, 2008; Fairburn et al., 2003)";;
Intrapersonal factor related to DEAB;Body image and self-esteem;Physical Self-Worth;;;;;;;;;;;"""General feelings of happinness, satisfaction and pride in the physical self"" (Monthuy-Blanc et al., 2012)";;
Intrapersonal factor related to DEAB;Body image and self-esteem;Physical Self-Worth;Physical condition;;;;;;;;;;"""Represents perceptions of one’s level of physical condition, fitness and stamina; one’s ability to maintain exercise; and one’s confidence in the exercise
and fitness setting (Fortes et al., 2004)""";;
Intrapersonal factor related to DEAB;Body image and self-esteem;Physical Self-Worth;Physical condition;Perceived physical ability;;Physical competence evaluation;;;;;;;Defined as the individual’s self-confidence in their capacity to perform physical tasks or activities successfully, reflecting a subjective evaluation of one’s physical competence (Oxford Dictionary of Sports Science and Medicine).;;
Intrapersonal factor related to DEAB;Body image and self-esteem;Physical Self-Worth;Physical condition;Physical fatigue;;;;;;;;;"Defined as a debilitating state of physical exhaustion or persistent lack of energy not relieved by rest, characterized by muscle fatigability and a reduced capacity to initiate or sustain physical activity (Elsais et al., 2013; Norton et al., 2015).";;
Intrapersonal factor related to DEAB;Body image and self-esteem;Physical Self-Worth;Physical condition;Physical competence orientation;;;;;;;;;"efers to:

Refers to the extent to which individuals value being physically capable, strong, coordinated, and skilled, and the degree to which they invest effort in developing and maintaining their physical abilities (Cash et al., 1990)";;
Intrapersonal factor related to DEAB;Body image and self-esteem;Physical Self-Worth;Physical strength;;;;;;;;;;Defined as the perceived level of muscular strength and development, reflecting an individual’s subjective evaluation of their capacity to generate force (Monthuy-Blanc et al., 2012).;;
Intrapersonal factor related to DEAB;Body image and self-esteem;Physical Self-Worth;Sport competence;;;;;;;;;;Defined as the perceived ability to perform effectively in sports and to acquire and develop sport-related skills, reflecting an individual’s self-evaluation of their athletic capacity (Monthuy-Blanc et al., 2012).;;
Intrapersonal factor related to DEAB;Body image and self-esteem;Physical Self-Worth;Sport competence;Athlete satisfaction;;;;;;;;;Defined as a multidimensional evaluation of athletes’ experiences, encompassing satisfaction with individual and team performance, perceived performance improvement, coaching quality (e.g., treatment, technical approach, decision-making), and the broader social environment within the team (Wilson et al., 2025).;;
Intrapersonal factor related to DEAB;Body image and self-esteem;Physical Self-Worth;Sport competence;Athletic self appraisal;;;;;;;;;Defined as an individual’s subjective evaluation of their own athletic performance and achievements, reflecting personal judgments of competence and success in sport (Williamson et al., 1995).;;
Intrapersonal factor related to DEAB;Body image and self-esteem;Physical Self-Worth;Sport competence;Satisfaction with current athletic performance;;;;;;;;;Refers to satisfaction with current performance in a competitive sporting context (Bardel et al., 2008);;
Intrapersonal factor related to DEAB;Body image and self-esteem;Physical Self-Worth;Sport competence;Perceived competence;;;;;;;;;"""Refers to a belief that one is capable in an activity, for exemple one's judgement of their ability in gymnastics"" (Kipp et al., 2015)";;
Intrapersonal factor related to DEAB;Body image and self-esteem;Physical Self-Worth;Sport competence;Perceived athletic competence;;;;;;;;;"""Defined as the confidence to perform sports and outdoor activities"" (Harter, 1982)";;
Intrapersonal factor related to DEAB;Body image and self-esteem;Physical Self-Worth;Sport competence;Global sport-state self-esteem;;;;;;;;;"""Captures an individual's need to be appreciated and approved by others, to feel competent and in control, and to exert influence over other people"". Is assesses athlete's state self esteem level in the context of competitive sport (Bardel et al., 2010)";;
Intrapersonal factor related to DEAB;Emotions;;;;;;;;;;;;"""A complex reaction pattern, involving experiential, behavioral and physiological elements"" (American Psychological Association, dictionary)";Profile of Mood States-Adolescents (POMS-A);
Intrapersonal factor related to DEAB;Emotions;Alexithymia;;;;;;;;;;;"""The inability to recognize or describe one's own emotions"" (Oxford dictionnaire)";;
Intrapersonal factor related to DEAB;Emotions;Alexithymia;Difficulty describing feelings;;;;;1;;3;;1;"""Assessing the ability to describe feelings to other people"" (Heshmati et al., 2011)";Toronto Alexithymia Scale Difficulty Describing Feelings subscale (TAS-DDF);
Intrapersonal factor related to DEAB;Emotions;Alexithymia;Difficulty identifying feelings;;;;;3;;1;;1;"""Assessing the ability to identify feelings and to distinguish them from the somatic sensations that accompany emotional arousal ""(Heshmati et al., 2011)";Toronto Alexithymia Scale Difficulty Identifying Feelings subscale (TAS-DIF);
Intrapersonal factor related to DEAB;Emotions;Coping;;;;;;;;;;;"""the use of cognitive and behavioral strategies to manage the demands of a situation when these are appraised as taxing or exceeding one’s resources or to reduce the negative emotions and conflict caused by stress."" (APA)";;
Intrapersonal factor related to DEAB;Emotions;Coping;Coping in sport;Athletic coping skills;;;;;;;;;Refers to mental skills in sports (Bourgeois et al., 2003);;
Intrapersonal factor related to DEAB;Emotions;Coping;Coping in sport;Athletic coping strategies;;;;;;;;;"""Evaluates coping strategies in the sports field""(De Sousa et al., 2020)";;
Intrapersonal factor related to DEAB;Emotions;Coping;Emotion-focused coping;Coping with adversity;;;;;;;;;"""Remains positive and enthusiastic even when things are going badly; remains calm and controlled; can bounce back quickly from mistakes and setbacks"" (Bourgeois et al., 2003)";;
Intrapersonal factor related to DEAB;Emotions;Coping;Emotion-focused coping;Freedom from worry;;;;;;;;;Defined as the absence of performance-related concerns, characterized by not placing pressure on oneself through fear of mistakes or poor performance, and not being preoccupied with others’ evaluations (Bourgeois et al., 2003).;;
Intrapersonal factor related to DEAB;Emotions;Emotion regulation;;;;;;15;;;;4;"""Emotion regulation is conceptualized as involving: (a) awareness and understanding of emotions, (b) acceptance of emotions, (c) ability to engage in goal-directed behaviour and control impulsive behaviours when experiencing negative emotions, and (d) access to effective emotion regulation strategies"" (Gratz & Roemer, 2004).";Difficulties in Emotion Regulation Scale (DERS);
Intrapersonal factor related to DEAB;Emotions;Emotion regulation;Effective emotion regulation;;;;;;;;;;Defined as the ability to monitor, manage, and modulate one’s emotional responses in a flexible and adaptive manner to meet situational demands and support goal-directed behavior (Gross, 2015).;;
Intrapersonal factor related to DEAB;Emotions;Emotion regulation;Effective emotion regulation;Recognition of emotion in others;;;;;;;;;"""Measure the recognition of emotions in others, a key component in emotion regulation"" (Beneau et al., 2020)";;
Intrapersonal factor related to DEAB;Emotions;Emotion regulation;Effective emotion regulation;Cognitive reappraisal;;;;;;;;;"Refers to the ""cognitive appraisal in terms of athletes’ threat perception about competition (e.g., failing or making
mistakes at crucial moments in competition)"" (Silva et al., 2011)";;
Intrapersonal factor related to DEAB;Emotions;Emotion regulation;Ineffective emotion regulation;;;;;;;;;;Defined as difficulties in monitoring, managing, and modulating emotional responses, leading to maladaptive reactions that interfere with functioning and goal-directed behavior (Gross, 2015).;;
Intrapersonal factor related to DEAB;Emotions;Emotion regulation;Ineffective emotion regulation;Difficulties engaging in goal-directed behavior;;;;;;;;;"""Difficulties concentrating and accomplishing tasks when experiencing negative emotions"" (Gratz et Roemer, 2004)";;
Intrapersonal factor related to DEAB;Emotions;Emotion regulation;Ineffective emotion regulation;Expressive suppression;;Emotional suppression;;;;;;;"""Measures the individual’s ability to attempt to hide or reduce the emotions they are feeling"" (D'Urso et al., 2023)";;
Intrapersonal factor related to DEAB;Emotions;Emotion regulation;Ineffective emotion regulation;Impulse control difficulties;;;;;;;;;"""Difficulties remaining in control of one’s behavior when experiencing negative emotions"" (Gratz et Roemer, 2004)";;
Intrapersonal factor related to DEAB;Emotions;Emotion regulation;Ineffective emotion regulation;Lack of emotional awareness;;;;;;;;;"""Reflecting the tendency to attend to and acknowledge emotions"" (Gratz et Roemer, 2004)";;
Intrapersonal factor related to DEAB;Emotions;Emotion regulation;Ineffective emotion regulation;Lack of emotional clarity;;;;;;;;;"""Extent to which individuals know (and are clear about) the emotions they are experiencing"" (Gratz et Roemer, 2004)";;
Intrapersonal factor related to DEAB;Emotions;Emotion regulation;Ineffective emotion regulation;Limited access to emotional regulation strategies;;;;;;;;;"""Belief that there is little that can be done to regulate emotions effectively, once an individual is upset"" (Gratz et Roemer, 2004)";;
Intrapersonal factor related to DEAB;Emotions;Emotion regulation;Ineffective emotion regulation;Non-acceptance of emotional responses;;;;;;;;;"""Reflects a tendency to have negative secondary emotional responses to one’s negative emotions, or non-accepting reactions to one’s distress"" (Gratz et Roemer, 2004)";;
Intrapersonal factor related to DEAB;Emotions;Emotion regulation;Overfocus and emotional change;;;;;;;;;;;;
Intrapersonal factor related to DEAB;Emotions;Emotional states;;;;;;;;;;;"""Refers to the feelings and moods experienced by an individual, such as depression, anxiety, or stress, which can be influenced by negative events, personal characteristics, or the environment"" (International Encyclopedia of the Social & Behavioral Sciences, 2001)";;
Intrapersonal factor related to DEAB;Emotions;Emotional states;Adaptive emotional state;;;;;;;;;;"Defined as a pattern of emotional experiences that are appropriately regulated, context-sensitive, and supportive of effective functioning and goal attainment (Gross, 2015; Lazarus, 2000).";;
Intrapersonal factor related to DEAB;Emotions;Emotional states;Adaptive emotional state;Positive affect;;;;;;;;;"""Reflects the extent to which a person feels enthusiastic, active, and alert"" (Watson et al., 1988)";;
Intrapersonal factor related to DEAB;Emotions;Emotional states;Maladaptive emotional state;;;;;;;;;;"Defined as a pattern of emotional experiences that are poorly regulated, contextually inappropriate, or excessive, and that interfere with effective functioning and goal-directed behavior (Gross, 2015; Lazarus, 2000).";;
Intrapersonal factor related to DEAB;Emotions;Emotional states;Maladaptive emotional state;Emotion dysregulation;;;;;;;;;"""Refers to broader difficulties experienced when identifying one’s emotions and implementing adaptive regulatory strategies"" (Mazaraki et al., 2024)";;
Intrapersonal factor related to DEAB;Emotions;Emotional states;Maladaptive emotional state;Emotional reaction;;;;;;;;;Refers to emotional reaction to criticism (Ausmus et al., 2021);;
Intrapersonal factor related to DEAB;Emotions;Emotional states;Maladaptive emotional state;Emotional reaction to critical comments about physical appearance;;;;;;;;;"""Refers to emotional reaction to criticism about physical appearance and severity of the critical comments about physical appearance"" (Ausmus et al., 2021)";;
Intrapersonal factor related to DEAB;Emotions;Emotional states;Maladaptive emotional state;Guilt/shame;;;;;;;;;Refers to combined to form a composite shame/guilt measure (Petrie et al., 2009);;
Intrapersonal factor related to DEAB;Emotions;Emotional states;Maladaptive emotional state;Guilt/shame;Guilt;;;;;;;;"""A feeling of worry or unhappiness that you have because you have done something wrong"" (Cambridge dictionary)";;
Intrapersonal factor related to DEAB;Emotions;Emotional states;Maladaptive emotional state;Guilt/shame;Guilt if skipping training;;;;;;;;Refers to the extent to which individuals experience feelings of guilt when they miss a planned training session (Kiss-Leizer et al., 2019);;
Intrapersonal factor related to DEAB;Emotions;Emotional states;Maladaptive emotional state;Hostility;;;;;;;;;"""Refers when someone is unfriendly or shows that they do not like something"" (Cambridge Dictionary)";;
Intrapersonal factor related to DEAB;Emotions;Emotional states;Maladaptive emotional state;Mood;;;;;;;;;"""A disposition to respond emotionally in a particular way that may last for hours, days, or even weeks, perhaps at a low level and without the person knowing what prompted the state""(American Psychological Association)";;
Intrapersonal factor related to DEAB;Emotions;Emotional states;Maladaptive emotional state;Mood;Mood modification;;;;;;;;"""Monitor health in a negative affective state"" (Kiss-Leizer et al., 2019)";;
Intrapersonal factor related to DEAB;Emotions;Emotional states;Maladaptive emotional state;Psychological fatigue;;;;;;;;;Refers to the subjective feeling of mental or emotional exhaustion experienced during training sessions (ChecaOlmos et al., 2023);;
Intrapersonal factor related to DEAB;Emotions;Emotional states;Maladaptive emotional state;Sad;;;;;;;;;Refers to the emotional state marked by feelings of sorrow, unhappiness, or low mood (Watson et al., 1988);;
Intrapersonal factor related to DEAB;Emotions;Emotional states;Maladaptive emotional state;Somatization;;;;;;;;;"""Reflects distress arising from perceptions of bodily dysfunction"" (Derogatis et al., 1974)";;
Intrapersonal factor related to DEAB;Emotions;Anxiety;;;;;;;;;;;"""Emotion characterized by the detection of imminent threat or the apprehension and somatic symptoms of tension in which an individual reacts to or anticipates impending danger, catastrophe, or misfortune and generates a set of physiological changes"" (APA, fusion fear and anxiety)";;
Intrapersonal factor related to DEAB;Emotions;Anxiety;Appearance-related anxiety;;;;;;;;;;"Appearance-related anxiety is the experience of worry or distress about one’s body or physical appearance, including concerns about social evaluation (appearance anxiety) and anxiety in situations where one’s physique is observed by others (social physique anxiety). (Hallsworth et al., 2005; Ebbeck et al., 2009).";;
Intrapersonal factor related to DEAB;Emotions;Anxiety;Appearance-related anxiety;Appearance anxiety;;;;;;;;;"""Refers to the apprehension that people feel about aspects of their physical appearance and how others will evaluate them"" (Hallsworth et al., 2005)";;
Intrapersonal factor related to DEAB;Emotions;Anxiety;Appearance-related anxiety;Social physique anxiety;;;;;;;;;"""Represents the degree to which people become anxious when others observe or evaluate their physiques"" (Ebbeck et al., 2009)";;
Intrapersonal factor related to DEAB;Emotions;Anxiety;Interpersonal anxiety;;;;;;;;;;"Refers ""to the fear of negative consequences from interacting with someone"" (Gloor et al., 2022)";;
Intrapersonal factor related to DEAB;Emotions;Anxiety;Interpersonal anxiety;Attachment anxiety;;;;;;;;;"""Defined as “involving a fear of interpersonal rejection or abandonment, an excessive need for approval from others, and distress when one's partner is unavailable or unresponsive"" (Machado et al., 2020)";;
Intrapersonal factor related to DEAB;Emotions;Anxiety;Interpersonal anxiety;Social phobia;;;;;;;;;"""Refers to a fear of negative evaluations from others"" (Beneau et al., 2020)";;
Intrapersonal factor related to DEAB;Emotions;Anxiety;General anxiety;;;;;;;;;;"It is the experience of apprehension, nervousness, or distress, including both temporary emotional states (anxiety state) and stable personality predispositions (anxiety trait). (Spielberger, 1979; Jouvent et al., 1999).";;
Intrapersonal factor related to DEAB;Emotions;Anxiety;General anxiety;Anxiety state;;;;;;;;;"""Defined as a transitory emotional state consisting of feelings of apprehension, nervousness, and physiological sequelae such as an increased heart rate or respiration"" (Spielberger 1979)";;
Intrapersonal factor related to DEAB;Emotions;Anxiety;General anxiety;Anxiety trait;;;;;;;;;"""Defined as a personality trait referring to individual differences in the likelihood that a person would experience state anxiety in a stressful situation"" (Jouvent et al., 1999)";;
Intrapersonal factor related to DEAB;Emotions;Anxiety;Specific anxiety;;;;;;;;;;"It is anxiety focused on particular situations, stimuli, or concerns, including health-related worries and intense fears of specific objects or situations (phobic). (APA; Derogatis, 2000).";;
Intrapersonal factor related to DEAB;Emotions;Anxiety;Specific anxiety;Health anxiety;;;;;;;;;"""Excessive or inappropriate anxiety about one’s health, based on misinterpretation of symptoms (e.g., pain, gastrointestinal distress) as indicative of serious illness"" (American Psychological Association)";;
Intrapersonal factor related to DEAB;Emotions;Anxiety;Specific anxiety;Phobic anxiety;;;;;;;;;"""Intense fear or avoidance of specific situations or stimuli"" (Derogatis, 2000)";;
Intrapersonal factor related to DEAB;Emotions;Anxiety;Sport-related anxiety;;;;;;;;;;Refers to a state- or trait-based response to sport-related situations perceived as stressful, involving cognitive, behavioral, and physiological reactions. It includes various manifestations of anxiety experienced in sport contexts, such as competitive, performance-related, cognitive, somatic, and competition-related anxiety. (Ford et al., 2017);;
Intrapersonal factor related to DEAB;Emotions;Anxiety;Sport-related anxiety;Competitive state anxiety;;;;;;;;;"""Conceptualized as a situation-specific multidimensional construct comprising cognitive and somatic components"" (Martinent et al., 2010)";;
Intrapersonal factor related to DEAB;Emotions;Anxiety;Sport-related anxiety;Performance anxiety;;;;;;;;;"""Characterized by intense feelings of emotional distress before, during, or after performing in front of others"" (Beenen et al., 2025)";;
Intrapersonal factor related to DEAB;Emotions;Anxiety;Sport-related anxiety;Performance Cognitive Anxiety;;;;;;;;;"Refers to ""lasting worrying, ruminating and dwelling over something, and it causes the deterioration of concentration, which affects performance and may lead to the likelihood of making mistakes"" (Trpkovici et al., 2023)";;
Intrapersonal factor related to DEAB;Emotions;Anxiety;Sport-related anxiety;Threat perception;;;;;;;;;Refers to the athlete’s primary cognitive appraisal of competition as potentially harmful or stressful, particularly in relation to fears of failure or making mistakes during crucial moments. It reflects the athlete’s evaluation of what is at stake and the potential negative consequences of underperformance (Cruz, 1996);;
Intrapersonal factor related to DEAB;Emotions;Anxiety;Fear;;;;;;;;;;"""An unpleasant emotion or thought that you have when you are frightened or worried by something dangerous, painful, or bad that is happening or might happen"" (Cambridge dictionary)";;
Intrapersonal factor related to DEAB;Emotions;Anxiety;Fear;Afraid of becoming fat;;;;;;;;;Refers to the individual’s fear or anxiety related to gaining weight or increasing body fat (Petrie et al., 2009);;
Intrapersonal factor related to DEAB;Emotions;Anxiety;Stress;;;Perceived stress;;;;;;;"""Physiological or psychological response to internal or external stressors"" (American Psychological Association, dictionary)";;
Intrapersonal factor related to DEAB;Emotions;Anxiety;Stress;Psychological stress;;;;;;;;;"""Defined as a continuous personal psychological experience, a state of psychological tension. It is related to both positive and negative events and circumstances that could be construed as a challenge or demand"" (Lemyre et al., 2009)";;
Intrapersonal factor related to DEAB;Emotions;Self-regulatory eating attitude in sport;;;;;;;;;;;Refers to the individual's capacity to control his or her own eating behavior in sport context (Scoffier-Mériaux et al., 2010);;
Intrapersonal factor related to DEAB;Emotions;Self-regulatory eating attitude in sport;Self-regulation in context of compensatory strategies;;;;;;;;;;Refers to the individual's capacity to control his or her own eating behavior in context of compensatory strategies (Scoffier-Mériaux et al., 2010);;
Intrapersonal factor related to DEAB;Emotions;Self-regulatory eating attitude in sport;Self-regulation in context of food temptation;;;"Inability to control food cravings; Types of food";;;;;;;Refers to the individual's capacity to control his or her own eating behavior in context of food temptation: (i.e., Do you feel capable of controlling what you eat when your favorite food is set before you?) (Scoffier-Mériaux et al., 2010);;
Intrapersonal factor related to DEAB;Emotions;Self-regulatory eating attitude in sport;Self-regulation in context of lack of anticipation of consequences on performance;;;;;;;;;;Refers to the individual's capacity to control his or her own eating behavior in context of lack of anticipation of consequences on performance (Scoffier-Mériaux et al., 2010);;
Intrapersonal factor related to DEAB;Emotions;Self-regulatory eating attitude in sport;Self-regulation in context of negative affect;;;Guilt/shame;;;;;;;"Refers to the individual's capacity to control his or her own eating behavior in context of negative affect (Scoffier-Mériaux et al., 2010); Turkish version of Emotional Eating Scale";;
Intrapersonal factor related to DEAB;Emotions;Self-regulatory eating attitude in sport;Self-regulation in context of social interaction;;;;;;;;;;Refers to the individual's capacity to control his or her own eating behavior in context of social interaction (Scoffier-Mériaux et al., 2010);;
Intrapersonal factor related to DEAB;Locus of control;;;;;;;;;;;;"""Refers to the way individuals explain the causes of events in their lives, attributing them either to internal factors or to external forces. People with a strong internal locus of control believe they can directly influence outcomes through their own actions and behavior. By contrast, those with a strong external locus of control perceive outcomes as being determined largely by forces outside their control, such as luck, chance, or other external circumstances."" (Rotter, 1966)";;
Intrapersonal factor related to DEAB;Locus of control;External locus;;;;;;;;;;;Refers to the belief that outcomes and events are controlled by external forces, such as luck, chance, or the influence of powerful others, rather than by one’s own behavior. (Scoffier et al., 2010).;;
Intrapersonal factor related to DEAB;Locus of control;External locus;External locus related to chance;;;;;;;;;;Related to chance refers to the belief that life events and outcomes are primarily determined by chance, luck, fate, or other unpredictable forces beyond personal control. Individuals with this orientation perceive the world as largely random or uncontrollable, and therefore view outcomes as resulting from chance rather than from their own actions. (Levenson, 1973, 1981).;;
Intrapersonal factor related to DEAB;Locus of control;External locus;External locus related to chance;External locus: luck;;;;;;;;;Reflects the belief that life events are governed by luck or chance (Scoffier et al., 2010).;;
Intrapersonal factor related to DEAB;Locus of control;External locus;External locus related to chance;Fatalism;;;;;;;;;The outcomes determined by the random and uncontrollable nature of external circumstances (Définition Di Corrado et al., 2021);;
Intrapersonal factor related to DEAB;Locus of control;External locus;External locus related to powerful others;;;;;;;;;;External locus of control related to powerful others refers to the belief that life events and outcomes are primarily controlled by influential individuals or authorities, such as people in positions of power or expertise. (Levenson, 1973, 1981).;;
Intrapersonal factor related to DEAB;Locus of control;External locus;External locus related to powerful others;External locus: coach and friends;;;;;;;;;Reflects the tendency to attribute life events to the actions and influence of others, particularly significant social agents such as coaches and peers (Scoffier et al., 2010);;
Intrapersonal factor related to DEAB;Locus of control;External locus;External locus related to powerful others;External locus: family;;;;;;;;;Reflects the tendency to attribute life events to the actions and influence of others, particularly significant social agents such as family (Scoffier et al., 2010);;
Intrapersonal factor related to DEAB;Locus of control;External locus;External locus related to powerful others;Hetero dependence;;;;;;;;;Reflects the tendency to attribute life events to the actions and influence of the social environement (Di Corrado, 2021);;
Intrapersonal factor related to DEAB;Locus of control;Internal locus of control;;;;;;;;1;;1;Reflects the belief that one is responsible for and able to influence life outcomes (Scoffier et al., 2010);The Mini Locus of Control Scale (MLCS);Multidimensional Health Locus of Control Scale (MHLCS)
Intrapersonal factor related to DEAB;Motivation;;;;;;;;;;;;"""The impetus that gives purpose or direction to behavior and operates in humans at a conscious or unconscious level"" (American Psychological Association)";;
Intrapersonal factor related to DEAB;Motivation;Achievement goals;;;;;;;;;;;"""Defined as the purpose of competence-relevant behavior. In this respect they connect one of the basic human needs, i.e., competence, to one of society's core values, i.e., achievement"" (Butera et al., 2024)";;
Intrapersonal factor related to DEAB;Motivation;Achievement goals;Mastery goal;;;;;;;;;;"""Corresponds to the desire to understand a task, acquire new knowledge, and develop abilities"" (Darnon et al., 2007)";;
Intrapersonal factor related to DEAB;Motivation;Achievement goals;Mastery goal;Mastery approach goal;;;;;;;;;"Defined competence in reference to Individuals themselves or absolute standards and attribute positive or negative valence to it"" (Scoffier-Mériaux et al., 2013)";;
Intrapersonal factor related to DEAB;Motivation;Achievement goals;Mastery goal;Mastery avoidance goal;;;;;;;;;Defines competence in reference to Individuals themsleves and attribute positive or negative valence to it (Scoffier-Mériaux et al., 2013);;
Intrapersonal factor related to DEAB;Motivation;Achievement goals;Mastery goal;Task orientation;;;;;;;;;"""Assessing the purposes of gaining skill or knowledge and performing at one's best""(Gomes et al., 2011)";;
Intrapersonal factor related to DEAB;Motivation;Achievement goals;Performance goal;;;;;;;;;;"""Refers to the desire to show competencies by trying to obtain positive judgments"" (Darnon et al., 2007)";;
Intrapersonal factor related to DEAB;Motivation;Achievement goals;Performance goal;Performance approach goal;;;;;;;;;"""Refers to individuals that define competence normatively and attribute positive valence to it"" (Scoffier-Mériaux et al., 2013)";;
Intrapersonal factor related to DEAB;Motivation;Achievement goals;Performance goal;Performance avoidance goal;;;;;;;;;"""Refers to individuals that define competence normatively and attribute negative valence to it"" (Scoffier-Mériaux et al., 2013)";;
Intrapersonal factor related to DEAB;Motivation;Achievement goals;Performance goal;Ego orientation;;;;;;;;;"""Assessing the purpose of demonstrating superior ability to others, being achievement construed in norm referenced terms"" (Silva et al., 2011)";;
Intrapersonal factor related to DEAB;Motivation;Basic psychological needs;;;;;;;;;;;"Refers to essential psychological requirements for well-being, healthy functioning, and personal growth. According to Basic Psychological Needs Theory, these needs include autonomy, relatedness, and competence, whose satisfaction supports optimal development while their frustration contributes to ill-being. (Ryan, 1995; Deci & Ryan, 2000; Vansteenkiste & Ryan, 2013).";;
Intrapersonal factor related to DEAB;Motivation;Basic psychological needs;Basic needs frustration;Basic needs frustration in sport;;;;;;;;;"""Psychological need frustration was thus conceptualized as the negative personal experiential state of feeling that one’s needs are actively undermined by others in a given context""(Bartholomew, Ntoumanis, Ryan, & Thøgersen-Ntoumani, 2011).";;
Intrapersonal factor related to DEAB;Motivation;Basic psychological needs;Basic needs satisfaction;;;;;;;;;;"Refers to the satisfaction of individuals’ basic psychological needs—competence (feeling effective and capable), relatedness (feeling meaningfully connected to others), and autonomy (experiencing self-determination and acting in accordance with one’s values and choices)—which are essential for well-being, adjustment, and personal growth (Ryan, 1995; Chen et al., 2015b).";;
Intrapersonal factor related to DEAB;Motivation;Basic psychological needs;Basic needs satisfaction;Basic needs satisfaction in sport;;;;;;;;;"""Refers to the satisfaction or fulfillment of individuals’ basic psychological needs (i.e., need for autonomy, competence, and relatedness), which are defined as the integration between innate psychological needs and support from the social environment"" (Ryan & Deci, 2004).";;
Intrapersonal factor related to DEAB;Motivation;Basic psychological needs;Basic needs satisfaction;Perceived autonomy;;;;;;;;;"""Refers to the sense of volition or choice"" (Kipp et al., 2015)";;
Intrapersonal factor related to DEAB;Motivation;Basic psychological needs;Basic needs satisfaction;Belongingness;;;;;;;;;Personality traits that moti-vate individuals to gain acceptance and avoid rejection areindispensable tools enabling survival and reproduction (Malone et al., 2012);;
Intrapersonal factor related to DEAB;Motivation;Self-determination for eating behavior;;;;;;;;;;;"Refers to the autonomous regulation of eating, in which individuals make food choices and engage in eating behaviors based on personal values and internal goals rather than external pressures. (Deci & Ryan, 2000; Pelletier et al., 1995).";;
Intrapersonal factor related to DEAB;Motivation;Self-determination for eating behavior;Eating behavior self-determined motivational;;;;;;;;;;"Considers ""that the behavior is performed due to the positive values inherent in the behavior, while the person integrates the behavior into his/her daily lives, and includes identified regulation, integrated regulation, and intrinsic motivation"" (Fernandes et al., 2023)";;
Intrapersonal factor related to DEAB;Motivation;Self-determination for eating behavior;Eating behavior non-self determined motivational;;;;;;;;;;"Considers ""that the performance of the behavior is adjacent to coercive or self-imposed assumptions and it includes introjected regulation, external regulation, and in some instances, amotivation"" (Fernandes et al., 2023)";;
Intrapersonal factor related to DEAB;Motivation;Self-determination for sport;;;;;;;;;;;"Refers to the extent to which athletes’ motivation is self-endorsed and autonomous, meaning they engage in training and competition out of choice and personal value rather than external contingencies (Deci & Ryan, 2000; Pelletier et al., 1995)";;
Intrapersonal factor related to DEAB;Motivation;Self-determination for sport;Amotivation;;;;;;;;;;"""It is the lack or absence of volitional drive to engage in any activity"" (Deci and Ryan, 1985)";;
Intrapersonal factor related to DEAB;Motivation;Self-determination for sport;Autonomous forms for motivation;;;;;;;;;;It is the self-determined engagement in behaviors that are consistent with personal values, interests, or intrinsic goals. (Deci & Ryan, 2000).;;
Intrapersonal factor related to DEAB;Motivation;Self-determination for sport;Autonomous forms for motivation;Assimilation;;;;;;;;;Refers to the most autonomous form of extrinsic motivation, occurring when identified regulations are fully assimilated into the self. In this process, behavior is evaluated and brought into congruence with one’s core values, needs, and identity. Although actions driven by integrated regulation share characteristics with intrinsic motivation, they remain extrinsically motivated because they are performed to attain separable outcomes rather than for inherent enjoyment (Deci & Ryan, 2000).;;
Intrapersonal factor related to DEAB;Motivation;Self-determination for sport;Autonomous forms for motivation;Autonomous motivation for sport;;;;;;;;;"""Reflects acting to satisfy personally relevant goals"" (Chaba et al., 2019)";;
Intrapersonal factor related to DEAB;Motivation;Self-determination for sport;Autonomous forms for motivation;Commitment to exercise;;;;;;;;;"""It is a psychological motive of desiring and being determined to continue participating in exercise, with effects such as improving exercise behavior, alleviating psychological fatigue and exercise burnout, and maintaining an engaged state in exercise"" (Qiu et al., 2011).";;
Intrapersonal factor related to DEAB;Motivation;Self-determination for sport;Autonomous forms for motivation;Exercising for health/fitness;;;;;;;;;Exercise to improve health and level of physical fitness (Petrie et al., 2009);;
Intrapersonal factor related to DEAB;Motivation;Self-determination for sport;Autonomous forms for motivation;Identification;;;;;;;;;Refers to the conscious endorsement of an activity’s value, accompanied by a high degree of volition and willingness to act (Ryan & Deci, 2020).;;
Intrapersonal factor related to DEAB;Motivation;Self-determination for sport;Autonomous forms for motivation;Intrinsic motivation;;;;;;;;;"""Refers to doing an activity for its inherent satisfactions rather than for some separable consequence"" (Ryan & Deci, 2000)";;
Intrapersonal factor related to DEAB;Motivation;Self-determination for sport;Autonomous forms for motivation;Positive exercise;;;;;;;;;Reflects enjoyment of physical activity, engagement for health-related reasons, and a preference for exercising in social contexts (Danielsen et al., 2015).;;
Intrapersonal factor related to DEAB;Motivation;Self-determination for sport;Autonomous forms for motivation;Harmonious passion toward an activity;;;;;;;;;"""Refers to an autonomous internalization, that is when people have freely accepted the activity that they love as being important without any contingencies attached to it"" (Vallerand et al., 2003)";;
Intrapersonal factor related to DEAB;Motivation;Self-determination for sport;Controlled forms of motivation;;;;;;;;;;Refers to the engagement in behaviors driven by external factors, including rewards, social approval, or avoidance of punishment or guilt, rather than by personal choice or intrinsic goals. (Deci & Ryan, 2000).;;
Intrapersonal factor related to DEAB;Motivation;Self-determination for sport;Controlled forms of motivation;Body related motive;;;;;;;;;Refers to motives in relation to weight and appearance management for practicing their main sport and exercise (Maiano et al., 2015);;
Intrapersonal factor related to DEAB;Motivation;Self-determination for sport;Controlled forms of motivation;Exercise to avoid negative affect;;;;;;;;;Refers to exercise activity for mood improvement, specifically negative affect (Adam et al., 2021);;
Intrapersonal factor related to DEAB;Motivation;Self-determination for sport;Controlled forms of motivation;Controlled motivation for sport;;;;;;;;;"""Reflects engaging in behaviors because of external reinforcement"" (Chaba et al., 2019)";;
Intrapersonal factor related to DEAB;Motivation;Self-determination for sport;Controlled forms of motivation;Exercise for appearance;;Exercising for appearance;;;;;;;Exercise to improve appearance of become more attractive (Petrie et al., 2009);;
Intrapersonal factor related to DEAB;Motivation;Self-determination for sport;Controlled forms of motivation;Extrinsic regulation for sport;;;;;;;;;"""Refers to the classic case of extrinsic motivation, where one’s behavior is controlled by specific external contingencies of reward or punishment.” (Deci & Ryan, 1985)";;
Intrapersonal factor related to DEAB;Motivation;Self-determination for sport;Controlled forms of motivation;Introjection;;;;;;;;;"""Concerns extrinsic motivation that has been partially internalized; behavior is regulated by the internal rewards of self-esteem for success and by avoidance of anxiety, shame, or guilt for failure"" (Ryan & Deci, 2020)";;
Intrapersonal factor related to DEAB;Motivation;Self-determination for sport;Controlled forms of motivation;Exercise to improve mood;;"Compulsive exercise mood improvement ; Exercising for mood management";;;;;;;Exercise may be undertaken to improve mood, reflecting the perception that physical activity reduces negative affect and enhances positive affect (Adam et al., 2021), to experience mood-enhancing effects in a potentially compulsive manner (Taranis et al., 2011), or to manage emotional states and benefit from social interaction (Petrie et al., 2009).;;
Intrapersonal factor related to DEAB;Motivation;Self-determination for sport;Controlled forms of motivation;Obligatory exercise;;;;;;;;;"""Defined as a continual participation in physical activity despite pain, obsession with the activity, and other psychopathology"" (Polivy, 1994)";;
Intrapersonal factor related to DEAB;Motivation;Self-determination for sport;Controlled forms of motivation;Weight control;;;;;;;;;"""Refers to being healthy to achieve desired weight"" (Kiss-Leizer et al., 2019)";;
Intrapersonal factor related to DEAB;Motivation;Self-determination for sport;Controlled forms of motivation;Weight control exercise;;Compulsive exercise weight control;;;;;;;Physical activity may be undertaken for weight control purposes, reflecting the use of exercise as a compensatory strategy to regulate body weight (Adam et al., 2021), or in a more compulsive manner, characterized by the need to control weight and shape through exercise that offsets calorie intake (Meyer et al., 2016).;;
Intrapersonal factor related to DEAB;Motivation;Self-determination for sport;Controlled forms of motivation;Weight management motivation for exercise;;;;;;;;;"""Refers to engaging in physical activity primarily to control body weight, either to lose excess weight or to prevent weight gain, reflecting an instrumental and extrinsic orientation toward exercise.” (Markland & Ingledew, 1997).";;
Intrapersonal factor related to DEAB;Motivation;Self-determination for sport;Controlled forms of motivation;Appearance orientation;;;;;;;;;"""Extent of investment in one's appearance"" (Cash, 2000)";;
Intrapersonal factor related to DEAB;Motivation;Self-determination for sport;Controlled forms of motivation;Desire to be leaner to improve sport performance;;;;;;;;;Refers to the athlete’s concern and motivation to reduce body weight or fat with the specific goal of enhancing sports performance (Krentz et al., 2013);;
Intrapersonal factor related to DEAB;Motivation;Self-determination for sport;Controlled forms of motivation;Obsessive passion toward an activity;;;;;;;;;"""Results from a controlled internalization and is associated with the experience of a loss of control with regards to the beloved activity"" (Vallerand et al., 2003)";;
Intrapersonal factor related to DEAB;Motivation;Self-determination for sport;Controlled forms of motivation;Exercise for social;;;;;;;;;Exercise to improve social relationships (Cervello et al., 2007);;
Intrapersonal factor related to DEAB;Perception of health and well-being;;;;;;;;;;;;Refers to an individual’s subjective evaluation of their physical and mental health, overall wellness, and functional fitness (WHOQOL Group, 1995).;;
Intrapersonal factor related to DEAB;Perception of health and well-being;Health perception;;;;;;;;;;;"""It is a combination of an individual’s personal feelings, thoughts, prejudices, and expectations about their health"" (Naci & Bahar, 2024)";;
Intrapersonal factor related to DEAB;Perception of health and well-being;Health perception;Perception of health evaluation;;;;;;;;;;"""Refers to feelings of physical health and/or the freedom from physical illness"" (Cash, 2000)";;
Intrapersonal factor related to DEAB;Perception of health and well-being;Health perception;Physical self concept of Health;;;Physical health;;;;;;;"""Refers to not getting sick often, getting well quickly when you are sick ""(Marsh and Herbert, 1996)";;
Intrapersonal factor related to DEAB;Perception of health and well-being;Health perception;Psychosocial health;;;;;;;;;;Refers to an individual’s overall psychological and social well-being, encompassing emotional functioning, social interactions, and the ability to cope with daily demands and environmental challenges (Armento et al., 2025);;
Intrapersonal factor related to DEAB;Perception of health and well-being;Health perception;Health-related quality of life;;;;;;;;;;Refers to an individual’s perceived physical, psychological, and social well-being, as influenced by their health status and its impact on daily functioning (Armento et al., 2025);;
Intrapersonal factor related to DEAB;Perception of health and well-being;Well-being;;;;;;2;2;2;x;1;"""Refers to living a complete human life through seeking the realization of valued human potentials"" (Ryan & Deci, 2001)";WHO-5 Well-Being Index;
Intrapersonal factor related to DEAB;Perception of health and well-being;Well-being;Physical well-being;;;;;;;;;;"""Defined as the state of being well-nourished and maintaining adequate levels of activity and exercise, which contribute to endurance, fitness and overall productivity"" (European Neuropsychopharmacology, 2020)";;
Intrapersonal factor related to DEAB;Perception of health and well-being;Well-being;Psychological well-being;;;;;;;;;;"""Defined as the subjective experience of positively valenced feelings or cognitive appraisals including lower activation affects such as calm or satisfied, as well as higher activation affects such as excited or thrilled"" (Hernandez et al., 2017)";;
Intrapersonal factor related to DEAB;Perception of health and well-being;Mental health;;;;;;;;;;;Refers to psychological problems, such as poor self-esteem, stress, and sleep loss (Habibi Asgarabad et al., 2023);;
Intrapersonal factor related to DEAB;Perception of health and well-being;Mental health;Social dysfunction;;;;;;;;;;Reflects impairments in an individual’s ability to carry out normal daily activities and roles, such as managing responsibilities, making decisions, and coping with routine demands (Graetz, 1991);;
Intrapersonal factor related to DEAB;Perception of health and well-being;Mental health;Psychotic disorders;;;;;;;;;;Characterised by symptoms such as hallucinations or delusions (Curry et al., 2019);;
Intrapersonal factor related to DEAB;Perception of health and well-being;Mental health;Attention deficit hyperactivity disorders;;;;;;;;;;Refers to a neurodevelopmental disorder characterized by persistent patterns of inattention, hyperactivity, and impulsivity that interfere with daily functioning or development (Han et al., 2019);;
Intrapersonal factor related to DEAB;Personality;;;;;;;;;;;;"""The enduring configuration of characteristics and behavior that comprises an individual’s unique adjustment to life, including major traits, interests, drives, values, self-concept, abilities, and emotional patterns"" (American Psychological Association)";;
Intrapersonal factor related to DEAB;Personality;Athlete identity;;;;;;5;2;19;x;9;"""Degree to which an individual identified herself as an athlete and derived her self-worth from athletic achievement"" (Hinton, 2005)";ATHLETE questionnaire;Single item asking participants if they considered themselves to be an athletes
Intrapersonal factor related to DEAB;Personality;Athlete identity;Exclusivity;;;;;;;2;;1;"""Described as the extent to which involvement is exclusive of involvement in other roles"" (Brewer et al., 2022)";Athletic Identity Measurement Scale (AIMS);
Intrapersonal factor related to DEAB;Personality;Athlete identity;Exercise identity;;;;;5;;4;;3;"""Refers as the extent to which exercise contributes to an individual's role-identity"" (Gorrell et al., 2018)";Exercise Identity Scale (EIS);
Intrapersonal factor related to DEAB;Personality;Athlete identity;Injury tolerance;;;;;1;;;;1;"""Refersn to the persistence of an athlete to play through injury even if the effects are potentially harmful to the body"" (Lantz et al., 2004)";Body Alienation Scale (BAS);
Intrapersonal factor related to DEAB;Personality;Athlete identity;Negative affectivity identity;;;;;2;;;;1;"""Degree to which an individual experiences negative emotions from unwanted sporting outcomes"" (Mitchell et al., 2021)";Athletic Identity Measurement Scale (AIMS);
Intrapersonal factor related to DEAB;Personality;Athlete identity;Self-identity;;;;;2;;;;1;Reflects the degree to which individuals define themselves through particular athlete role or attributes (Mitchell et al., 2021).;Athletic Identity Measurement Scale (AIMS);
Intrapersonal factor related to DEAB;Personality;Athlete identity;Social identity;;;;;;;2;;1;"""Degree to which an individual views themself as occupying the role of an athlete"" (Mitchell et al., 2021)";Athletic Identity Measurement Scale (AIMS);
Intrapersonal factor related to DEAB;Personality;Confidence and trust;;;;;;;;;;;Describes the expectation that another agent will behave in a beneficial way, along with the relational dynamics and underlying mechanisms that support the formation and maintenance of this belief (Cofta, 2007).;;
Intrapersonal factor related to DEAB;Personality;Confidence and trust;Sport confidence;;;;;;2;3;;1;"""The belief or degree of certainty individuals process about their ability to be successful in sport"" (Vealey, 1986)";Carolina Sport Confidence Inventory  (CSCI);
Intrapersonal factor related to DEAB;Personality;Confidence and trust;Sport specific self-confidence;;;;;;;4;;1;Comprises a dispositional component (trait), reflecting a stable belief in one’s ability to succeed, and a situational component (state), reflecting momentary confidence in a specific context (Vealey, 1986).;Trait Sport Confidence Inventory;
Intrapersonal factor related to DEAB;Personality;Confidence and trust;Team trust;;;;;;;1;;1;"""Reluctance to form close relationships with teammates because of competition for roster positions, playing time, scholarships, and attention of coach"" (Hinton et al., 2005)";ATHLETE questionnaire;
Intrapersonal factor related to DEAB;Personality;Confidence and trust;Loss of confidence;;;;;;;;;;"""The belief or degree of certainty individuals process about their lost of ability to be successful in sport"" (Vealey, 1986)";;
Intrapersonal factor related to DEAB;Personality;Perfectionism;;;;;;11;;5;;9;"""The tendency to demand of others or of oneself an extremely high or even flawless level of performance, in excess of what is required by the situation."" (American Psychological Association)";Eating Disorder Inventory (EDI);Children Eating Disorder Examination Questionnaire (ChEDE-Q)
Intrapersonal factor related to DEAB;Personality;Perfectionism;Adaptive perfectionism;;;;;;;2;;1;"""Involves the setting of high goals and personal standards and striving for the rewards associated with achievement while retaining the ability to be satisfied with one's performance"" (Enns et al., 2002)";;
Intrapersonal factor related to DEAB;Personality;Perfectionism;Adaptive perfectionism;Conscientious perfectionism;;;;;;2;;1;"""Characterized by high levels of organisation, planfulness, high standards for others and striving for excellence"" (Goodwin et al., 2014)";;
Intrapersonal factor related to DEAB;Personality;Perfectionism;Adaptive perfectionism;Organization;;;;;;2;;1;"""Defined as a person's overemphasis on precision and order"" (Gotwals & Dunn, 2009)";;
Intrapersonal factor related to DEAB;Personality;Perfectionism;Maladaptive perfectionism;;;;;3;;1;;2;"""Characterized by the setiing of inflexible and/or unattainably high standards, the inability to take pleasure in one's performance and uncertainty or anxiety about one's capabilities"" (Enns et al., 2002)";Frost Multidimensional Perfectionism Scale (MPS);Positive and Negative Perfectionism Scale (PANPS)
Intrapersonal factor related to DEAB;Personality;Perfectionism;Maladaptive perfectionism;Concern over mistakes;;Concern over mistakes and doubts about actions;;3;;1;;2;"""Negative reactions to mistakes, a tendency to interpret mistakes as equivalent to failure, and a tendency to believe that one will lose the respect of others following failure"" (Frost et al., 1990)";Frost Multidimensional Perfectionism Scale (MPS);Positive and Negative Perfectionism Scale (PANPS)
Intrapersonal factor related to DEAB;Personality;Perfectionism;Maladaptive perfectionism;Doubts about actions;;;;3;;1;;2;"""Doubting over whether mistakes have been made""(Frost et al., 1990)";Frost Multidimensional Perfectionism Scale (MPS);Positive and Negative Perfectionism Scale (PANPS)
Intrapersonal factor related to DEAB;Personality;Perfectionism;Maladaptive perfectionism;Evaluative concerns;;;;3;;1;;2;"""Characterized by the rigid setting of unrealistically high standards and by doubts about one's performance, concerns over making mistakes, and harsh self-scrutiny"" (Frost et al., 1990)";Frost Multidimensional Perfectionism Scale (MPS);Positive and Negative Perfectionism Scale (PANPS)
Intrapersonal factor related to DEAB;Personality;Perfectionism;Maladaptive perfectionism;Negative perfectionism;;;;3;;1;;2;"""Defined as the motivation to achieve a certain goal in order to avoid adverse consequences"" (Haase et al., 2002)";Frost Multidimensional Perfectionism Scale (MPS);Positive and Negative Perfectionism Scale (PANPS)
Intrapersonal factor related to DEAB;Personality;Perfectionism;Maladaptive perfectionism;Negative reactions to imperfection;;;;3;;1;;2;"Refers to the tendency to experience strong negative emotions, such as guilt, shame, or self-criticism, when one fails to reach perfection, reflecting the maladaptive facet of perfectionism (Stoeber & Otto, 2006; Stoeber et al., 2007)";Frost Multidimensional Perfectionism Scale (MPS);Positive and Negative Perfectionism Scale (PANPS)
Intrapersonal factor related to DEAB;Personality;Perfectionism;Maladaptive perfectionism;Negative reactions to non-perfect performance during training;;;;3;;1;;2;Refers to athletes’ tendency to experience strong negative emotions, such as frustration, guilt, or self-criticism, when they fail to achieve perfect performance in training (Stoeber et al., 2007);Frost Multidimensional Perfectionism Scale (MPS);Positive and Negative Perfectionism Scale (PANPS)
Intrapersonal factor related to DEAB;Personality;Perfectionism;Maladaptive perfectionism;Performance perfectionism;;;;3;;1;;2;Refers to feelings about performance in sport (Wadas et al., 2014);Frost Multidimensional Perfectionism Scale (MPS);Positive and Negative Perfectionism Scale (PANPS)
Intrapersonal factor related to DEAB;Personality;Perfectionism;Maladaptive perfectionism;Self-critical perfectionism;;;;3;;1;;2;"""Involves constant and harsh self-scrutiny, overly critical evaluations of one's own behavior, an inability to derive satisfaction from successful performance, and chronic concerns about others criticism and expectations""(Dunkley et al., 2003)";Frost Multidimensional Perfectionism Scale (MPS);Positive and Negative Perfectionism Scale (PANPS)
Intrapersonal factor related to DEAB;Personality;Perfectionism;Maladaptive perfectionism;Self-evaluative perfectionism;;;;3;;1;;2;"""Consists of perceived parental pressure, rumination, need for approval and concern over mistakes"" (Goodwin et al., 2014)";Frost Multidimensional Perfectionism Scale (MPS);Positive and Negative Perfectionism Scale (PANPS)
Intrapersonal factor related to DEAB;Personality;Perfectionism;Adaptive perfectionism;Perfectionism self-oriented;;Self oriented perfectionism;;;;2;;1;Comprises beliefs that striving for perfection and being perfect are important and is characterized by setting excessively high standards and having a perfectionist motivation for oneself (Hewitt & Flett, 2004);;
Intrapersonal factor related to DEAB;Personality;Perfectionism;Adaptive perfectionism;Perfectionist aspirations during training;;;;;;2;;1;Refers to an athlete’s personal striving for flawless performance during training sessions, reflecting enduring high standards and a continuous effort to be as perfect as possible (Stoeber et al., 2007);;
Intrapersonal factor related to DEAB;Personality;Perfectionism;Adaptive perfectionism;Personal standards;;;;;;2;;1;"""Conceptualized as the setting of very high standards and the excessive importance placed on these high standards for self-evaluation"" (Frost et al., 1990)";;
Intrapersonal factor related to DEAB;Personality;Perfectionism;Adaptive perfectionism;Positive perfectionism;;;;;;2;;1;"""Defined as the motivation to achieve a certain goal in order to obtain a favourable outcome"" (Haase et al., 2002)";;
Intrapersonal factor related to DEAB;Personality;Perfectionism;Adaptive perfectionism;Striving;;;;;;2;;1;"The setting of ""extremely high personal standards for oneself"" (Frost et al., 1990)";;
Intrapersonal factor related to DEAB;Personality;Perfectionism;Adaptive perfectionism;Striving for perfection;;;;;;2;;1;"Refers to the individual’s tendency to set and pursue exceptionally high personal standards and to aim for flawless performance (Stoeber et al., 2007; Stoeber & Otto, 2006)";;
Intrapersonal factor related to DEAB;Personality;Personality traits;;;;;;;;;;;"""A relatively stable, consistent, and enduring internal characteristic that is inferred from a pattern of behaviors, attitudes, feelings, and habits in the individual"" (American Psychological Association dictionary)";;
Intrapersonal factor related to DEAB;Personality;Personality traits;Adaptive personality traits for the DEAB studies available to date;;;;;;;;;;Refers to relatively stable individual characteristics that facilitate effective adjustment, well-being, and optimal functioning across situations (McCrae & Costa, 1999);;
Intrapersonal factor related to DEAB;Personality;Personality traits;Adaptive personality traits for the DEAB studies available to date;Agreeableness;;;;;;;;;"Refers to relatively stable individual characteristics such as ""Being sof-hearted and trusting"" (Thorrisen & Sadeghi, 2023)";;
Intrapersonal factor related to DEAB;Personality;Personality traits;Adaptive personality traits for the DEAB studies available to date;Conscientiousness;;;;;;;;;"Refers to relatively stable individual characteristics such as ""Being organized and reliable"" (Thorrisen & Sadeghi, 2023)";;
Intrapersonal factor related to DEAB;Personality;Personality traits;Adaptive personality traits for the DEAB studies available to date;Emotional stability;;;;;;;;;"Refers to relatively stable individual characteristics such as ""Being calm and relaxed"" (Thorrisen & Sadeghi, 2023)";;
Intrapersonal factor related to DEAB;Personality;Personality traits;Adaptive personality traits for the DEAB studies available to date;Openness;;;;;;;;;"Refers to relatively stable individual characteristics such as ""Being curious and creative"" (Thorrisen & Sadeghi, 2023)";;
Intrapersonal factor related to DEAB;Personality;Personality traits;Maladaptive personality traits for the DEAB studies available to date;;;;;;;;;;"Refers to enduring dispositions that contribute to poor self-regulation, heightened psychological distress, and an increased risk of dysfunctional eating attitudes and behaviors (DEAB), such as rigid perfectionism, impulsivity, or negative affectivity (Fairburn et al., 2003; Stice, 2002).";;
Intrapersonal factor related to DEAB;Personality;Personality traits;Maladaptive personality traits for the DEAB studies available to date;Authority;;;;;;;;;"""A personality pattern characterized by strict adherence to highly simplified conventional values, an attitude of great deference to authority figures while demanding subservience from those regarded as lower in status, and hostility toward people who deviate from conventional moral prescriptions"" (American Psychological Association dictionary)";;
Intrapersonal factor related to DEAB;Personality;Personality traits;Maladaptive personality traits for the DEAB studies available to date;Entitlement;;;;;;;;;"""Unreasonable claims to special consideration, especially as a disturbance of self-concept in narcissistic personality disorder"" (American Psychological Association)";;
Intrapersonal factor related to DEAB;Personality;Personality traits;Maladaptive personality traits for the DEAB studies available to date;Exhibitionism;;;;;;;;;"""Disposition or tendency to draw attention to oneself, particularly through conspicuous bheavior"" (American Psychological Association)";;
Intrapersonal factor related to DEAB;Personality;Personality traits;Maladaptive personality traits for the DEAB studies available to date;Exploitativeness;;;;;;;;;"""Unfairly or cynically using another person or group for profit or advantage"" (Encyclopédia of Personality and Individual Differences)";;
Intrapersonal factor related to DEAB;Personality;Personality traits;Maladaptive personality traits for the DEAB studies available to date;Extroversion;;;;;;;;;Refers to a personality trait characterized by an outward orientation toward social interaction and external stimulation, ranging on a continuum from introversion to extraversion, and associated with sociability and expressiveness (American Psychological Association).;;
Intrapersonal factor related to DEAB;Personality;Personality traits;Maladaptive personality traits for the DEAB studies available to date;Interpersonal sensitivity;;;;;;;;;Refers to the tendency towards feeling inferior, uncomfortable and critical during interpersonal interaction (Lipman et al., 1979);;
Intrapersonal factor related to DEAB;Personality;Personality traits;Maladaptive personality traits for the DEAB studies available to date;Narcissism;;;;;;;;;"""Self admiration that is characterized by tendencies toward grandiose ideas, fantasied talents, exhibitionism, and defensiveness in response to criticisicm; interpersonal relationships are characterized by feelings of entitlement, exploitativeness, and a lack of empathy"" (Raskin and Terry, 1988)";;
Intrapersonal factor related to DEAB;Personality;Personality traits;Maladaptive personality traits for the DEAB studies available to date;Obsessive compulsive;;;;;;;;;"""Reflect symptoms that are closely identified with the clinical syndrome of this name. This dimension focuses on thoughts, impulses and actions that are experienced as unremitting and irresistble by the individual but are of an ego-alien of unwanted nature"" (Derogatis, 1974)";;
Intrapersonal factor related to DEAB;Personality;Personality traits;Maladaptive personality traits for the DEAB studies available to date;Psychological inflexibility;;;;;;;;;"""Defined as the rigid responding to stimuli (e.g., unpleasant thoughts and feelings) that interferes with well-being and valued actions"" (Hayes et al., 2011)";;
Intrapersonal factor related to DEAB;Personality;Personality traits;Maladaptive personality traits for the DEAB studies available to date;Psychoticism;;;;;;;;;"""Characterized by agression, impulsivity, aloofness, and antisocial behavior, indicating a sucseptibility to psychosis and psychopathic disorders"" (American Psychological Association)";;
Intrapersonal factor related to DEAB;Personality;Personality traits;Maladaptive personality traits for the DEAB studies available to date;Self-sufficiency;;;;;;;;;"""Ability of individuals to achieve a certain optimal level of functioning in specific areas of life"" (Van Den Toren et al., 2020)";;
Intrapersonal factor related to DEAB;Personality;Personality traits;Maladaptive personality traits for the DEAB studies available to date;Superiority;;;;;;;;;"""Refers to the belief that one is better, more talented, or more capable than others, representing a facet of grandiose narcissism.” (Raskin & Terry, 1988)";;
Intrapersonal factor related to DEAB;Personality;Personality traits;Maladaptive personality traits for the DEAB studies available to date;Impulsiveness;;;;;;;;;Refers to a personality trait characterized by a tendency to act quickly without sufficient thought, planning, or consideration of consequences (Tsatali et al., 2021);;
Intrapersonal factor related to DEAB;Psychopathological symptoms;;;;;;;;;;;;"""Indicators of mental disorders, ranging from mild anxiety to severe psychosis, and require continuous monitoring during treatment to assess intervention effectiveness"" (American Psychiatric Association, 2013)";;
Intrapersonal factor related to DEAB;Psychopathological symptoms;Addictiveness;;;;;;;;;;;"A personality trait characterized by a predisposition to develop dependence on substances or behaviors, often linked to impulsivity and reward-seeking tendencies (Grant et al., 2006; Koob & Volkow, 2010).";;
Intrapersonal factor related to DEAB;Psychopathological symptoms;Depression;;;;;;;;;;;"""Reflects a broad range of the concomitants of a clinical depressive syndrome. Symptoms of dysphorie mood and affect are represented as are signs of withdrawal of life interest, lack of motivation, and loss of vital energy"" (Derogatis et al., 1974)";;
Intrapersonal factor related to DEAB;Psychopathological symptoms;Depression;Depressed/sad;;;;;;;;;;Measure the level of depression and sadness (Petrie et al., 2007);;
Intrapersonal factor related to DEAB;Psychopathological symptoms;Depression;Depression Anxiety and Stress;;;Anxiety and depression;;;;;;;Refers to three negative emotional states : depression, anxiety and stress (Cerea et al., 2018);;
Intrapersonal factor related to DEAB;Psychopathological symptoms;Depression;Depressive symptoms;;;;;;;;;;Refers to symptoms like sadness, hopelessness, or loss of interest (Derogatis, 2000);;
Intrapersonal factor related to DEAB;Psychopathological symptoms;Exercise dependence;;;;;;;;;;;"""Preoccupation with maintaining a rigid schedule of intense exercise and feelings of guilt when training does not occur"" (Thomas et al., 2014)";;
Intrapersonal factor related to DEAB;Psychopathological symptoms;Exercise dependence;Exercise dependence continuance;;;;;;;;;;"""Exercise is continued despite knowledge of having a persistent or reccurent physical of psychological problem that is likely to have been caused or exacerbated by the exercise (e.g., continued running despite injury)"" (Hausenblas et Downs, 2002)";;
Intrapersonal factor related to DEAB;Psychopathological symptoms;Exercise dependence;Exercise dependence intention effect;;;;;;;;;;"""Exercise is often taken in larger amounts or over a longer period than was intended"" (Hausenblas & Downs, 2002)";;
Intrapersonal factor related to DEAB;Psychopathological symptoms;Exercise dependence;Exercise dependence lack of control;;;;;;;;;;"""A persistent desire or unsuccessful effort to cut down or control exercise"" (Hausenblas & Downs, 2002)";;
Intrapersonal factor related to DEAB;Psychopathological symptoms;Exercise dependence;Exercise dependence reduction in other activities;;;;;;;;;;"""Social, occupational, or recreational activities are given up or reduced because of exercise"" (Hausenblas & Symons Downs, 2002)";;
Intrapersonal factor related to DEAB;Psychopathological symptoms;Exercise dependence;Exercise dependence time;;;;;;;;;;"""A great deal of time is spent in activities necessary to obtain exercise (e.g., physical activity vacations)"" (Hausenblas & Symons Downs, 2002)";;
Intrapersonal factor related to DEAB;Psychopathological symptoms;Exercise dependence;Exercise dependence tolerance;;;;;;;;;;"""Defined as either a need for increased amounts of exercise to achieve the desired effect or a diminished effect occurs with continued use of the same amount of exercise"" (Hausenblas & Downs, 2002)";;
Intrapersonal factor related to DEAB;Psychopathological symptoms;Exercise dependence;Exercise dependence withdrawal;;;;;;;;;;"""Manifested by either the characteristic withdrawal symptoms for exercise (e.g., anxiety, fatigue) or the same (or closely related) amount of exercise is taken to relieve or avoid withdrawal symptoms"" (Hausenblas & Symos Downs, 2002)";;
Intrapersonal factor related to DEAB;Psychopathological symptoms;Paranoid ideation;;;;;;;;;;;"""Suspiciousness, mistrust, or belief that others have harmful intentions"" (Derogatis, 2000)";;
Intrapersonal factor related to DEAB;Psychopathological symptoms;Problems with concentration;;;;;;;;;;;"""Refers to the perception of the level of fatigue and level of concentration when studying subjectively"" (Checa Olmos et al., 2023)";;
Intrapersonal factor related to DEAB;Psychopathological symptoms;Psychological symptoms;;;;;;;;;;;"""Any deviation from normal functioning that is considered indicative of mental pathology"" (American Psychological Association, Dictionary)";;
Intrapersonal factor related to DEAB;Self-efficacy;;;;;;;;2;;;1;"""An individual’s subjective perception of their capability to perform in a given setting or to attain desired results, proposed by Albert Bandura as a primary determinant of emotional and motivational states and behavioral change. Also called perceived self-efficacy"" (American Psychological Association dictionary)";The General Self-Efficacy Scale;
Intrapersonal factor related to DEAB;Self-efficacy;Perceived behavioral control related to gain muscle mass;;;;;;7;;;;2;Refers to the perception of behavioral control in relation to the desire of gaining muscle mass (Chaba et al., 2021);Five items related to perceived behavioral control related to gaining muscle mass were used;
Intrapersonal factor related to DEAB;Self-efficacy;Psychological skills;;;;;;;;;;;Learned abilities used to regulate thoughts, feelings, and behaviors in order to enhance performance and well-being (Weinberg & Daniel Gould, 2019);;
Intrapersonal factor related to DEAB;Self-efficacy;Psychological skills;Concentration;;;;;;;;;;Ability to maintain attentional focus on task-relevant cues during both practice and competition, while resisting distraction and effectively adapting to adverse or unexpected situations (Bourgeois et al., 2003);;
Intrapersonal factor related to DEAB;Self-efficacy;Psychological skills;Confidence/achievement motivation;;;;;;;;;;Displays confidence and positive motivation, consistently investing full effort in both practice and competition, and demonstrating a strong commitment to skill improvement (Bourgeois et al., 2003);;
Intrapersonal factor related to DEAB;Self-efficacy;Psychological skills;Goal setting and mental preparation;;;;;;;;;;"Assesses whether an athlete ""sets and works toward specific performance goals, plans and mentally prepares for games, and clearly has a game plan for performing well"" (Bourgeois et al., 2003)";;
Intrapersonal factor related to DEAB;Self-efficacy;Psychological skills;Peaking under pressure;;;;;;;;;;"""Is challenged rather than threatened by pressure situations and perfoms well under pressure, a ""clutch"" performer""(Bourgeois et al., 2003)";;
Other behaviors;;;;;;;;;;;;;;;
Other behaviors;Alcohol use;;;;;;;3;;5;;3;"The consumption of alcoholic beverages, which can range from occasional use to dependency and alcohol use disorder, defined by compulsive drinking despite adverse consequences (American Psychiatric Association, 2013; Volkow et al., 2016).";Alcohol Use Disorders Identification Test (AUDIT);Alcohol Use Disorders Identification Test of Consumption (AUDIT-C)
Other behaviors;Avoidance behaviors;;;;;;;;;;;;"""Any act or series of actions that enables an individual to avoid or anticipate unpleasant or painful situations, stimuli, or events, including conditioned aversive stimuli"" (American Psychological Association Dictionary)";;
Other behaviors;Avoidance behaviors;Avoidance and rule driven behaviors;;;;;;1;;;;1;"""Continuing to exercise despite injury or illness, making up for missed sessions, experiencing exercise withdrawal symptoms, and feeling extremely guilty when unable to exercise"" (Meyer et al., 2016)";Compulsive Exercise Test (CET);
Other behaviors;Avoidance behaviors;Fluids avoidance;;;;;;1;;1;;1;Refers to fluid manipulation-related behavior (i.e., when i want to lose my weight, i avoid drinking water or other fluids after exercise. When i want to lose my weight, i wear water proof clothes to foster sweat when exercising) (Jankauskiene & Pajaujiene, 2012);Fluid Manipulation Scale (FMS);
Other behaviors;Compulsive and behavioral addictions;;;;;;;;;;;;"Refers to repetitive behaviors that an individual feels compelled to perform, often to reduce tension or obtain pleasure, despite negative consequences for health, social life, or functioning. ""However, in more extreme form, ‘behavioral addiction’ connotes a form of reinforcement deriving from the performance of a particular behavior itself: in plain words, behavior performed for its own sake"" (Robbins & Clark, 2015)";;
Other behaviors;Compulsive and behavioral addictions;Bodybuilding dependence;;;;;;;;;;;"""Refers to an excessive self-investment in the activity of weight lifting along with a compulsive tendency to exercise with weights"" (Mayville et al., 2002)";;
Other behaviors;Compulsive and behavioral addictions;Compulsive buying;;;;Compulsive spending;;;;2;;1;"""Defined by a preoccupation with buying and shopping, by frequent buying episodes, or overpowering urges to buy that are experienced as irresistible and senseless"" (McElroy et al., 1994)";Compulsive Buying Scale (CBS);
Other behaviors;Compulsive and behavioral addictions;Food and alcohol disturbance-alcohol;;;;Alcohol abuse or dependence;;4;;1;;1;"""Characterized by the combination of problematic alcohol use and eating disorder symptoms to effset caloric intake associated with alcohol drinking and/or to enhance intoxication"" (Krahn et al., 2005).";Compensatory Eating and Behaviors in Response to Alcohol Consumption Scale (CEBRACS);
Other behaviors;Compulsive and behavioral addictions;Hypersexual behavior;;;;Sex addiction;;;;2;;1;"Reflect ""overall control of sexual thoughts, urges and behaviors, the consequences of hypersexual behaviors and the use of sex as a coping strategy"" (Reid, Garos & Carpenter, 2011).";Hypersexual Behavior Inventory (HBI);
Other behaviors;Compulsive and behavioral addictions;Pathological computer gaming;;;;Video game addiction;;1;;1;;1;"""Defined as excessive and compulsive use of computer of video games that causes social or emotional problems to the extent that game users cannot control their use of the game"" (Lemmens et al., 2009)";Pathological Computer Gaming Scale (PCG);
Other behaviors;Compulsive and behavioral addictions;Substance addiction;;;;;;;;;;;Refers to the presence of an addictive disorder related to substance use (Rodríguez-Monje et al., 2019);;
Other behaviors;Compulsive and behavioral addictions;Pathological gambling;;;;;;;;;;;Refers to the presence of an addictive disorder related to gambling use (Rodríguez-Monje et al., 2019);;
Other behaviors;Compulsive and behavioral addictions;Internet addiction;;;;;;;;;;;Refers to the presence of an addictive disorder related to internet use (Rodríguez-Monje et al., 2019);;
Other behaviors;Exercise and sport practice;;;;;;;;;;;;Refers to all behaviors, contexts, and modalities related to participation in physical or sports activities (Coakley, 2009);;
Other behaviors;Exercise and sport practice;Maladaptive training behaviors;Injury;;;;;;;;;;"""Symptoms of overtraining and beliefs associated with unsafe weight lifting behavior"" (Mayville et al., 2002)";;
Other behaviors;Exercise and sport practice;Maladaptive training behaviors;Training through pain;;;;;;;;;;"""Refers to conditioning the body beyond the psychological limits of pain tolerance"" (Lantz et al., 2004)";;
Other behaviors;Exercise and sport practice;Muscularity and Sports Practices;Exercise activity;;;;;;;;;;Refers to minutes per week practicing exercise activity (Wachten et al., 2024);;
Other behaviors;Exercise and sport practice;Muscularity and Sports Practices;Muscularity-oriented behaviors;;;;;;;;;;"""Represents behavior in whin men engage in order to become bigger and more muscular"" (Da Cunha et al., 2022)";;
Other behaviors;Exercise and sport practice;Muscularity and Sports Practices;Muscularity sport;;;;;;;;;;Self-evaluation of fat percentage and muscularity in context of sport (De Bruin et al., 2011);;
Other behaviors;Sleep;;;;;;;;;;;;Refers to all behaviors and issues related to sleep, including its quantity and quality (Buysse, 2014);;
Other behaviors;Sleep;Poor sleep;;;;;;;;;;;Refers to hours of sleep per day (Checa Olmos et al., 2023);;
Other behaviors;Violence;;;;;;;;;;;;"It is the intentional use of physical force, threats, or harmful behaviors directed at oneself, an individual, a group, or a community, which results in or has a high likelihood of resulting in trauma, psychological harm, developmental problems, or death. In the sports context, violence can take two specific forms: Self-directed violence: intentional behaviors by the athlete that directly endanger their physical, psychological, or emotional health and well-being. Interpersonal violence in sport: all forms of physical, emotional, or sexual abuse, neglect, or other exploitation that cause or have the potential to cause harm to the athlete’s health, survival, development, or dignity within a relationship of responsibility, trust, or power (Atkinson & Young, 2008 ; WHO, 2002, p.59)";;
Other behaviors;Violence;Psychological abuse;;;;;;1;;;;1;"""Encompassing behaviors such as yelling, swearing, belittling, public humiliation, and negative comments about one's body"" (Stirling & Kerr, 2008; Wilson & Kerr, 2022)";9 items adapted from Vertommen et al. And refined by AthletesCAN;
Other behaviors;Violence;Self-harm;;;;;;1;;;;1;"""Includes ideation or attempts of suicide and non-suicidal self injury"" (e.g., burning, cutting, scratching) (Wilson et al., 2025)";Three questions designed to gain an overall sense of athletes history with self-harm and suicidality;
Other behaviors;Violence;Sexual violence;;;;;;;;;;;;;
Other behaviors;Violence;Sexual harassment;;;;;;;;;;;;;
Other behaviors;Violence;Sexual abuse;;;;;;;;;;;;;
Other behaviors;Performance;;;;;;;;;;;;Refers to an athlete’s subjective evaluation of how well they are performing and how satisfied they are with their performance, assessed in both training and competition contexts (Fatt et al., 2025);;
Sociocultural factor related to DEAB;;;;;;;;;;;;;Environmental conditions that play a part in healthy and adaptive behavior and well-being or in maladaptive behavior and the etiology of mental disorder and social pathology (American Psychological Association dictionary);;
Sociocultural factor related to DEAB;Media exposure;;;;;;;;;;;;"""Describes how frequently individuals encounter particular messages or types of media content"" (Slater, 2004)";;
Sociocultural factor related to DEAB;Media exposure;Exposure to entertainment TV;;;;;;3;;;;1;"""Records the total number of minutes per day they spent viewing entertainmment television"" (Bissel et al., 2004)";Frequence of watch;
Sociocultural factor related to DEAB;Media exposure;Exposure to sports on television;;;;;;;2;;;1;"""Average time per day spent watching televised sports"" (Bissel et al., 2004)";Minutes per day spent in viewing;
Sociocultural factor related to DEAB;Media exposure;Exposure to thin ideal TV;;;;;;;;;;;Refers to the exposure to thin ideal content in the media television, specifically viewing characters on TV shows and considering index of thin ideal television (Bissel, 2004);;
Sociocultural factor related to DEAB;Media exposure;Hours spent on social media;;;;;;;;1;;1;Total hours spent on social media (Ausmus et al., 2021);two questions developed by Sidani, Shensa, Hoffman, Hanmer, and Primack (2015) were used to estimate how often participants used social media in a 24-hour period;
Sociocultural factor related to DEAB;Media exposure;Interest in body-improvement TV content;;;;;;7;;;;1;Refers to the level of interest in television content focused on body-related improvement topics, such as dieting, sports, fitness, nutrition, and exercise (Bissel et al., 2004);single item: How interested would you be in a new 30-minute television show focused on the topics below?”;
Sociocultural factor related to DEAB;Media exposure;Media information;;;;;;1;;9;;1;"""A source of information about appearance reflects the degree to which individuals use the media as a source of information regarding societal standards of attractiveness"" (DaCunha et al., 2022)";Sociocultural Attitudes Towards Appearance Questionnaire-3 (SATAQ-3);
Sociocultural factor related to DEAB;Media exposure;Sport magazine reading;;;;;;3;;;;1;Refers to the frequency with which individuals read sports magazines (Bissel et al., 2004);Frequency in reading;
Sociocultural factor related to DEAB;Perception of sociocultural pressure;;;;;"Sociocultural pressure ; Societal pressure";;;;;;;"""Encapsulates the impact of societal and cultural norms on an individual's body image perceptions. This pressure, emanating from various sources such as social media, family, and societal expectations, significantly affects how individuals view and assess their bodies"" (Mehmood et al., 2023)";;
Sociocultural factor related to DEAB;Perception of sociocultural pressure;Perception of sociocultural pressure from media;;;;Sociocultural pressure influence of advertisements;;;;;;;Refers to the experience of being influenced by media-promoted standards, beliefs, or norms regarding appearance, behavior, or achievement, which encourage conformity to cultural ideals. (Cialdini et al., 2004).;;
Sociocultural factor related to DEAB;Perception of sociocultural pressure;Perception of sociocultural pressure from media;Pressure from magazines/fashion;;;;;;;;;;Extent to which participants experience pressure from fashion/styles magazines to achieve/maintain a certain body size and/or weight (Petrie et al., 2007);;
Sociocultural factor related to DEAB;Perception of sociocultural pressure;Perception of sociocultural pressure from media;Severity of the comment made on social media;;;;;;;;;;Consists to identify how the participant reacted to critical comment made on social media about their aesthetic (Ausmus et al., 2021);;
Sociocultural factor related to DEAB;Perception of sociocultural pressure;Perception of sociocultural pressure from media;Social media pressures;;;;;;;;;;Refers to societal pressures from the social media and the internet like viewing photographs (Stoyel et al., 2020);;
Sociocultural factor related to DEAB;Perception of sociocultural pressure;Perception of sociocultural pressure from media;Sociocultural factors;;;;;;;;;;Refers to influence of media, parents and friends on body image (De Sousa et al., 2015);;
Sociocultural factor related to DEAB;Perception of sociocultural pressure;Perception of sociocultural pressure related to body and appearance;;;;;;;;;;;Refers to the experience of being influenced by societal or cultural norms and messages regarding body shape, size, and appearance, which encourage conformity to ideals of attractiveness. It stems from family, media and peers (Cialdini et al., 2004).;;
Sociocultural factor related to DEAB;Perception of sociocultural pressure;Perception of sociocultural pressure related to body and appearance;Information regarding appearance;;;;;;;;;;"""Evaluates to what extent the messages conveyed by the media are considered a source of information regarding appearance"" (Rousseau & Valls, 2010)";;
Sociocultural factor related to DEAB;Perception of sociocultural pressure;Perception of sociocultural pressure related to body and appearance;Perceived appearance based pressures from the media;;;;;;;;;;Reflects perceived sociocultural pressures from media regarding one's appearance (Schaefer et al., 2016);;
Sociocultural factor related to DEAB;Perception of sociocultural pressure;Perception of sociocultural pressure related to body and appearance;Perceived pressure for a single ideal body in sport;;;;;;;;;;Refers to pressure related to rigid views of a single “ideal body” within a sport (Fatt et al., 2024);;
Sociocultural factor related to DEAB;Perception of sociocultural pressure;Perception of sociocultural pressure related to body and appearance;Perceived sociocultural pressure be attractive;;;;;;;;;;Refers to the extent to which individuals feel external demands from societal sources (e.g., family, friends, romantic partners, media) to conform to ideals of attractiveness, such as being lean, muscular, or having a “perfect” body (Chatterton et al., 2017);;
Sociocultural factor related to DEAB;Perception of sociocultural pressure;Perception of sociocultural pressure related to body and appearance;Perceived sociocultural pressure be more muscular;;;"Perceived sociocultural pressure look more muscular ; Sociocultural pressure influence of muscular ideals";;;;;;;Refers to the extent to which individuals feel pressured by societal sources (e.g., family, friends, romantic partners, media) to increase muscularity and achieve a more muscular physique (Chatterton et al., 2017);;
Sociocultural factor related to DEAB;Perception of sociocultural pressure;Perception of sociocultural pressure related to body and appearance;Perceived sociocultural pressure change appearance;;;;;;;;;;Refers to the extent to which individuals feel external demands from societal sources (e.g., family, friends, romantic partners, media) to modify or alter their physical appearance in order to meet cultural standards of attractiveness (Chatterton et al., 2017);;
Sociocultural factor related to DEAB;Perception of sociocultural pressure;Perception of sociocultural pressure related to body and appearance;Perceived sociocultural pressure exercise more;;;;;;;;;;Refers to the extent to which individuals feel external expectations from societal sources (e.g., family, friends, romantic partners, media) to increase their physical activity or exercise in order to improve their body or conform to cultural ideals (Chatterton et al., 2017);;
Sociocultural factor related to DEAB;Perception of sociocultural pressure;Perception of sociocultural pressure related to body and appearance;Perceived sociocultural pressure have a perfect body;;;;;;;;;;Refers to the extent to which individuals perceive external demands from societal sources (e.g., family, friends, romantic partners, media) to attain an idealized, flawless physique that conforms to cultural standards of attractiveness (Chatterton et al., 2017);;
Sociocultural factor related to DEAB;Perception of sociocultural pressure;Perception of sociocultural pressure related to body and appearance;Perceived sociocultural pressure lean body;;;;;;;;;;Refers to the extent to which individuals perceive external expectations from societal sources (e.g., family, friends, romantic partners, media) to maintain low body fat and a slender physique that aligns with cultural appearance ideals (Chatterton et al., 2017);;
Sociocultural factor related to DEAB;Perception of sociocultural pressure;Perception of sociocultural pressure related to body and appearance;Perceived sociocultural pressure lose weight;;;;;;;;;;Refers to the extent to which individuals perceive external expectations from societal sources (e.g., family, friends, romantic partners, media) to reduce their body weight in order to conform to cultural standards of attractiveness (Chatterton et al., 2017);;
Sociocultural factor related to DEAB;Perception of sociocultural pressure;Perception of sociocultural pressure related to body and appearance;Sociocultural pressure concern about being fat;;;;;;;;;;Refers to the extent to which individuals perceive external expectations from societal sources (e.g., family, friends, romantic partners, media) to be fat fat (Chatterton et al., 2017);;
Sociocultural factor related to DEAB;Perception of sociocultural pressure;Perception of sociocultural pressure related to body and appearance;Sociocultural attitudes toward appearance;;;;;;;;;;"""Refers to women's awareness and internalization of Western norms of the slim body ideal"" (Eriksson et al., 2008)";;
Sociocultural factor related to DEAB;Perception of sociocultural pressure;Perception of sociocultural pressure related to body and appearance;Sociocultural attitudes toward appearance-comparison;;;;;;;;;;"""Extent to which individuals compare themselves to body ideals"" (Chatterton et al., 2017)";;
Sociocultural factor related to DEAB;Social and Sport pressure;;;;;;;;;;;;Refers to perceived external pressures from social, cultural, or sporting environments.This includes comments, norms, and expectations from peers, media, institutions, and sports-specific settings;;
Sociocultural factor related to DEAB;Sport specific pressures;;;;;Sport pressure;;;;;;;Refers to all psychological, social, and cultural pressures specific to a particular sport that may influence athletes' behavior, physical appearance, or performance;;
Sociocultural factor related to DEAB;Sport specific pressures;Pressure regarding appearance and performance;;;;;;;;;;;Refers to internal pressures or an athlete’s perception of certain pressures like appearance and performance in sport (Reel et al., 2013);;
Sociocultural factor related to DEAB;Sport specific pressures;Sport appearance pressures;;;;;;;;;;;Refers to sport pressure related to appearance from significant others (Satterfield et al., 2021);;
Sociocultural factor related to DEAB;Sport specific pressures;Sport performance pressure;;;;;;;;;;;"Refers to ""internal pressure or an athlete's perception of certain pressures in sport"" (Reel et al., 2013)";;
Sociocultural factor related to DEAB;Sport specific pressures;Uniform influences;;;;;;;;;;;"""Refers to the impact of uniform style on body concerns"" (Palermo et al., 2022)";;
Sociocultural factor related to DEAB;Sport specific pressures;Perceived coach beliefs;;;;;;;;;;;To assess team culture and attitudes regarding weight, body fat, and muscularity form coach (Pinson et al., 2026);;
Sociocultural factor related to DEAB;Sport specific pressures;Perceived teammate beliefs;;;;;;;;;;;To assess team culture and attitudes regarding weight, body fat, and muscularity form teammate (Pinson et al., 2026);;
Intrapersonal factor related to DEAB;Cognitive process;;;;;;;;;;;;"""An individual’s subjective perception of their capability to perform in a given setting or to attain desired results, proposed by Albert Bandura as a primary determinant of emotional and motivational states and behavioral change. Also called perceived self-efficacy"" (American Psychological Association dictionary)";;
Intrapersonal factor related to DEAB;Cognitive process;Cognitive flexibility;;;;;;;;;;;Refers to the ability to alternate be tween different approaches or perspectives when analyz ing a problem or situation (López et al., 2024°;;
